,Product Name,Price,Description,Images
0,"APPLE iPhone 13 (Midnight, 128 GB)","₹61,999",128 GB ROM15.49 cm (6.1 inch) Super Retina XDR Display12MP + 12MP | 12MP Front CameraA15 Bionic Chip ProcessorBrand Warranty for 1 Year,https://rukminim1.flixcart.com/image/312/312/ktketu80/mobile/s/l/c/iphone-13-mlpf3hn-a-apple-original-imag6vzz5qvejz8z.jpeg?q=70
1,"APPLE iPhone 13 (Blue, 128 GB)","₹61,999",128 GB ROM15.49 cm (6.1 inch) Super Retina XDR Display12MP + 12MP | 12MP Front CameraA15 Bionic Chip ProcessorBrand Warranty for 1 Year,https://rukminim1.flixcart.com/image/312/312/ktketu80/mobile/2/y/o/iphone-13-mlpk3hn-a-apple-original-imag6vpyur6hjngg.jpeg?q=70
2,"APPLE iPhone 13 (Starlight, 128 GB)","₹61,999",128 GB ROM15.49 cm (6.1 inch) Super Retina XDR Display12MP + 12MP | 12MP Front CameraA15 Bionic Chip ProcessorBrand Warranty for 1 Year,https://rukminim1.flixcart.com/image/312/312/ktketu80/mobile/6/n/d/iphone-13-mlpg3hn-a-apple-original-imag6vpyghayhhrh.jpeg?q=70
3,"APPLE iPhone 13 (Pink, 128 GB)","₹61,999",128 GB ROM15.49 cm (6.1 inch) Super Retina XDR Display12MP + 12MP | 12MP Front CameraA15 Bionic Chip ProcessorBrand Warranty for 1 Year,https://rukminim1.flixcart.com/image/312/312/ktketu80/mobile/8/z/w/iphone-13-mlph3hn-a-apple-original-imag6vzzhrxgazsg.jpeg?q=70
4,"APPLE iPhone 13 (Green, 128 GB)","₹61,999",128 GB ROM15.49 cm (6.1 inch) Super Retina XDR Display12MP + 12MP | 12MP Front CameraA15 Bionic Chip ProcessorBrand Warranty for 1 Year,https://rukminim1.flixcart.com/image/312/312/l0igvww0/mobile/r/q/m/-original-imagca5ajerqpfjy.jpeg?q=70
5,"APPLE iPhone 14 (Blue, 128 GB)","₹71,999","128 GB ROM15.49 cm (6.1 inch) Super Retina XDR Display12MP + 12MP | 12MP Front CameraA15 Bionic Chip, 6 Core Processor Processor1 Year Warranty for Phone and 6 Months Warranty for In-Box Accessories",https://rukminim1.flixcart.com/image/312/312/xif0q/mobile/3/5/l/-original-imaghx9qmgqsk9s4.jpeg?q=70
6,"APPLE iPhone 14 (Midnight, 128 GB)","₹71,999","128 GB ROM15.49 cm (6.1 inch) Super Retina XDR Display12MP + 12MP | 12MP Front CameraA15 Bionic Chip, 6 Core Processor Processor1 Year Warranty for Phone and 6 Months Warranty for In-Box Accessories",https://rukminim1.flixcart.com/image/312/312/xif0q/mobile/9/e/e/-original-imaghx9q5rvcdghy.jpeg?q=70
7,"APPLE iPhone 14 ((PRODUCT)RED, 128 GB)","₹67,999","128 GB ROM15.49 cm (6.1 inch) Super Retina XDR Display12MP + 12MP | 12MP Front CameraA15 Bionic Chip, 6 Core Processor Processor1 Year Warranty for Phone and 6 Months Warranty for In-Box Accessories",https://rukminim1.flixcart.com/image/312/312/xif0q/mobile/r/k/o/-original-imaghx9qtwbnhwvy.jpeg?q=70
8,"APPLE iPhone 13 (Pink, 256 GB)","₹71,999",256 GB ROM15.49 cm (6.1 inch) Super Retina XDR Display12MP + 12MP | 12MP Front CameraA15 Bionic Chip ProcessorBrand Warranty for 1 Year,https://rukminim1.flixcart.com/image/312/312/ktketu80/mobile/8/z/w/iphone-13-mlph3hn-a-apple-original-imag6vzzhrxgazsg.jpeg?q=70
9,"APPLE iPhone 14 Plus (Purple, 128 GB)","₹77,999","128 GB ROM17.02 cm (6.7 inch) Super Retina XDR Display12MP + 12MP | 12MP Front CameraA15 Bionic Chip, 6 Core Processor Processor1 Year Warranty for Phone and 6 Months Warranty for In-Box Accessories",https://rukminim1.flixcart.com/image/312/312/xif0q/mobile/v/0/t/-original-imaghxa5rgcv5enm.jpeg?q=70
10,"APPLE iPhone 11 (White, 128 GB)","₹44,999",128 GB ROM15.49 cm (6.1 inch) Liquid Retina HD Display12MP + 12MP | 12MP Front CameraA13 Bionic Chip ProcessorBrand Warranty of 1 Year,https://rukminim1.flixcart.com/image/312/312/k2jbyq80pkrrdj/mobile-refurbished/k/y/d/iphone-11-256-u-mwm82hn-a-apple-0-original-imafkg25mhaztxns.jpeg?q=70
11,"APPLE iPhone 13 (Midnight, 256 GB)","₹71,999",256 GB ROM15.49 cm (6.1 inch) Super Retina XDR Display12MP + 12MP | 12MP Front CameraA15 Bionic Chip ProcessorBrand Warranty for 1 Year,https://rukminim1.flixcart.com/image/312/312/ktketu80/mobile/s/l/c/iphone-13-mlpf3hn-a-apple-original-imag6vzz5qvejz8z.jpeg?q=70
12,"APPLE iPhone 13 (Green, 256 GB)","₹71,999",256 GB ROM15.49 cm (6.1 inch) Super Retina XDR Display12MP + 12MP | 12MP Front CameraA15 Bionic Chip ProcessorBrand Warranty for 1 Year,https://rukminim1.flixcart.com/image/312/312/l0igvww0/mobile/r/q/m/-original-imagca5ajerqpfjy.jpeg?q=70
13,"APPLE iPhone 14 Plus (Starlight, 128 GB)","₹77,999","128 GB ROM17.02 cm (6.7 inch) Super Retina XDR Display12MP + 12MP | 12MP Front CameraA15 Bionic Chip, 6 Core Processor Processor1 Year Warranty for Phone and 6 Months Warranty for In-Box Accessories",https://rukminim1.flixcart.com/image/312/312/xif0q/mobile/l/v/8/-original-imaghx9qudmydgc4.jpeg?q=70
14,"APPLE iPhone 14 Plus ((PRODUCT)RED, 128 GB)","₹75,999","128 GB ROM17.02 cm (6.7 inch) Super Retina XDR Display12MP + 12MP | 12MP Front CameraA15 Bionic Chip, 6 Core Processor Processor1 Year Warranty for Phone and 6 Months Warranty for In-Box Accessories",https://rukminim1.flixcart.com/image/312/312/xif0q/mobile/a/h/7/-original-imaghx9qaepzajta.jpeg?q=70
15,"APPLE iPhone 14 Plus (Blue, 128 GB)","₹77,999","128 GB ROM17.02 cm (6.7 inch) Super Retina XDR Display12MP + 12MP | 12MP Front CameraA15 Bionic Chip, 6 Core Processor Processor1 Year Warranty for Phone and 6 Months Warranty for In-Box Accessories",https://rukminim1.flixcart.com/image/312/312/xif0q/mobile/c/4/d/-original-imaghx9qygjjg8hz.jpeg?q=70
16,"APPLE iPhone 11 (Black, 128 GB)","₹44,999",128 GB ROM15.49 cm (6.1 inch) Liquid Retina HD Display12MP + 12MP | 12MP Front CameraA13 Bionic Chip ProcessorBrand Warranty of 1 Year,https://rukminim1.flixcart.com/image/312/312/k2jbyq80pkrrdj/mobile-refurbished/x/j/s/iphone-11-128-d-mwm02hn-a-apple-0-original-imafkg242ugz8hwc.jpeg?q=70
17,"APPLE iPhone 13 (Starlight, 256 GB)","₹71,999",256 GB ROM15.49 cm (6.1 inch) Super Retina XDR Display12MP + 12MP | 12MP Front CameraA15 Bionic Chip ProcessorBrand Warranty for 1 Year,https://rukminim1.flixcart.com/image/312/312/ktketu80/mobile/6/n/d/iphone-13-mlpg3hn-a-apple-original-imag6vpyghayhhrh.jpeg?q=70
18,"APPLE iPhone 11 (Black, 64 GB)","₹40,999",64 GB ROM15.49 cm (6.1 inch) Liquid Retina HD Display12MP + 12MP | 12MP Front CameraA13 Bionic Chip ProcessorBrand Warranty of 1 Year,https://rukminim1.flixcart.com/image/312/312/k2jbyq80pkrrdj/mobile-refurbished/x/j/s/iphone-11-128-d-mwm02hn-a-apple-0-original-imafkg242ugz8hwc.jpeg?q=70
19,"APPLE iPhone 14 (Midnight, 256 GB)","₹81,999","256 GB ROM15.49 cm (6.1 inch) Super Retina XDR Display12MP + 12MP | 12MP Front CameraA15 Bionic Chip, 6 Core Processor Processor1 Year Warranty for Phone and 6 Months Warranty for In-Box Accessories",https://rukminim1.flixcart.com/image/312/312/xif0q/mobile/9/e/e/-original-imaghx9q5rvcdghy.jpeg?q=70
20,"APPLE iPhone 13 (Blue, 256 GB)","₹71,999",256 GB ROM15.49 cm (6.1 inch) Super Retina XDR Display12MP + 12MP | 12MP Front CameraA15 Bionic Chip ProcessorBrand Warranty for 1 Year,https://rukminim1.flixcart.com/image/312/312/ktketu80/mobile/2/y/o/iphone-13-mlpk3hn-a-apple-original-imag6vpyur6hjngg.jpeg?q=70
21,"APPLE iPhone 14 (Purple, 256 GB)","₹81,999","256 GB ROM15.49 cm (6.1 inch) Super Retina XDR Display12MP + 12MP | 12MP Front CameraA15 Bionic Chip, 6 Core Processor Processor1 Year Warranty for Phone and 6 Months Warranty for In-Box Accessories",https://rukminim1.flixcart.com/image/312/312/xif0q/mobile/b/u/f/-original-imaghxa5hvapbfds.jpeg?q=70
22,"APPLE iPhone 14 Pro (Space Black, 128 GB)","₹1,19,999","128 GB ROM15.49 cm (6.1 inch) Super Retina XDR Display48MP + 12MP + 12MP | 12MP Front CameraA16 Bionic Chip, 6 Core Processor Processor1 Year Warranty for Phone and 6 Months Warranty for In-Box Accessories",https://rukminim1.flixcart.com/image/312/312/xif0q/mobile/y/l/p/-original-imaghxemc3wtcuhb.jpeg?q=70
23,"APPLE iPhone 13 ((PRODUCT)RED, 128 GB)","₹61,999",128 GB ROM15.49 cm (6.1 inch) Super Retina XDR Display12MP + 12MP | 12MP Front CameraA15 Bionic Chip ProcessorBrand Warranty for 1 Year,https://rukminim1.flixcart.com/image/312/312/ktketu80/mobile/a/m/7/iphone-13-mlpj3hn-a-apple-original-imag6vpyk3w4zarg.jpeg?q=70
24,"APPLE iPhone 13 ((PRODUCT)RED, 128 GB)","₹61,999",128 GB ROM15.49 cm (6.1 inch) Super Retina XDR Display12MP + 12MP | 12MP Front CameraA15 Bionic Chip ProcessorBrand Warranty for 1 Year,https://rukminim1.flixcart.com/image/312/312/ktketu80/mobile/a/m/7/iphone-13-mlpj3hn-a-apple-original-imag6vpyk3w4zarg.jpeg?q=70
25,"APPLE iPhone 12 (Blue, 64 GB)","₹53,999","64 GB ROM15.49 cm (6.1 inch) Super Retina XDR Display12MP + 12MP | 12MP Front CameraA14 Bionic Chip with Next Generation Neural Engine ProcessorCeramic ShieldIndustry-leading IP68 Water ResistanceAll Screen OLED Display12MP TrueDepth Front Camera with Night Mode, 4K Dolby Vision HDR RecordingBrand Warranty for 1 Year",https://rukminim1.flixcart.com/image/312/312/kg8avm80/mobile/y/7/n/apple-iphone-12-dummyapplefsn-original-imafwg8dpyjvgg3j.jpeg?q=70
26,"APPLE iPhone 11 (White, 64 GB)","₹40,999",64 GB ROM15.49 cm (6.1 inch) Liquid Retina HD Display12MP + 12MP | 12MP Front CameraA13 Bionic Chip ProcessorBrand Warranty of 1 Year,https://rukminim1.flixcart.com/image/312/312/k2jbyq80pkrrdj/mobile-refurbished/k/y/d/iphone-11-256-u-mwm82hn-a-apple-0-original-imafkg25mhaztxns.jpeg?q=70
27,"APPLE iPhone 14 Pro Max (Space Black, 128 GB)","₹1,27,999","128 GB ROM17.02 cm (6.7 inch) Super Retina XDR Display48MP + 12MP + 12MP | 12MP Front CameraA16 Bionic Chip, 6 Core Processor Processor1 Year Warranty for Phone and 6 Months Warranty for In-Box Accessories",https://rukminim1.flixcart.com/image/312/312/xif0q/mobile/9/f/p/-original-imaghxenhnpyhn5u.jpeg?q=70
28,"APPLE iPhone 12 (Black, 64 GB)","₹53,999","64 GB ROM15.49 cm (6.1 inch) Super Retina XDR Display12MP + 12MP | 12MP Front CameraA14 Bionic Chip with Next Generation Neural Engine ProcessorCeramic ShieldIndustry-leading IP68 Water ResistanceAll Screen OLED Display12MP TrueDepth Front Camera with Night Mode, 4K Dolby Vision HDR RecordingBrand Warranty for 1 Year",https://rukminim1.flixcart.com/image/312/312/kg8avm80/mobile/r/h/z/apple-iphone-12-dummyapplefsn-original-imafwg8duby8qbn4.jpeg?q=70
29,"APPLE iPhone 12 (Red, 64 GB)","₹53,999","64 GB ROM15.49 cm (6.1 inch) Super Retina XDR Display12MP + 12MP | 12MP Front CameraA14 Bionic Chip with Next Generation Neural Engine ProcessorCeramic ShieldIndustry-leading IP68 Water ResistanceAll Screen OLED Display12MP TrueDepth Front Camera with Night Mode, 4K Dolby Vision HDR RecordingBrand Warranty for 1 Year",https://rukminim1.flixcart.com/image/312/312/kg8avm80/mobile/q/8/f/apple-iphone-12-dummyapplefsn-original-imafwg8dbzv8vh7t.jpeg?q=70
30,"APPLE iPhone 14 (Starlight, 128 GB)","₹71,999","128 GB ROM15.49 cm (6.1 inch) Super Retina XDR Display12MP + 12MP | 12MP Front CameraA15 Bionic Chip, 6 Core Processor Processor1 Year Warranty for Phone and 6 Months Warranty for In-Box Accessories",https://rukminim1.flixcart.com/image/312/312/xif0q/mobile/m/o/b/-original-imaghx9qkugtbfrn.jpeg?q=70
31,"APPLE iPhone 14 ((PRODUCT)RED, 256 GB)","₹81,999","256 GB ROM15.49 cm (6.1 inch) Super Retina XDR Display12MP + 12MP | 12MP Front CameraA15 Bionic Chip, 6 Core Processor Processor1 Year Warranty for Phone and 6 Months Warranty for In-Box Accessories",https://rukminim1.flixcart.com/image/312/312/xif0q/mobile/r/k/o/-original-imaghx9qtwbnhwvy.jpeg?q=70
32,"APPLE iPhone 14 (Yellow, 128 GB)","₹71,999","128 GB ROM15.49 cm (6.1 inch) Super Retina XDR Display12MP + 12MP | 12MP Front CameraA15 Bionic Chip, 6 Core Processor Processor1 Year Warranty for Phone and 6 Months Warranty for In-Box Accessories",https://rukminim1.flixcart.com/image/312/312/xif0q/mobile/e/l/d/-original-imagnhusa2upmgeq.jpeg?q=70
33,"APPLE iPhone 14 Pro (Gold, 128 GB)","₹1,19,999","128 GB ROM15.49 cm (6.1 inch) Super Retina XDR Display48MP + 12MP + 12MP | 12MP Front CameraA16 Bionic Chip, 6 Core Processor Processor1 Year Warranty for Phone and 6 Months Warranty for In-Box Accessories",https://rukminim1.flixcart.com/image/312/312/xif0q/mobile/i/h/c/-original-imaghxemmqyahnuj.jpeg?q=70
34,"APPLE iPhone 14 Plus ((PRODUCT)RED, 256 GB)","₹87,999","256 GB ROM17.02 cm (6.7 inch) Super Retina XDR Display12MP + 12MP | 12MP Front CameraA15 Bionic Chip, 6 Core Processor Processor1 Year Warranty for Phone and 6 Months Warranty for In-Box Accessories",https://rukminim1.flixcart.com/image/312/312/xif0q/mobile/a/h/7/-original-imaghx9qaepzajta.jpeg?q=70
35,"APPLE iPhone 12 (White, 128 GB)","₹56,999","128 GB ROM15.49 cm (6.1 inch) Super Retina XDR Display12MP + 12MP | 12MP Front CameraA14 Bionic Chip with Next Generation Neural Engine ProcessorCeramic ShieldIndustry-leading IP68 Water ResistanceAll Screen OLED Display12MP TrueDepth Front Camera with Night Mode, 4K Dolby Vision HDR RecordingBrand Warranty for 1 Year",https://rukminim1.flixcart.com/image/312/312/kg8avm80/mobile/j/f/9/apple-iphone-12-dummyapplefsn-original-imafwg8dkyh2zgrh.jpeg?q=70
36,"APPLE iPhone 14 (Blue, 256 GB)","₹81,999","256 GB ROM15.49 cm (6.1 inch) Super Retina XDR Display12MP + 12MP | 12MP Front CameraA15 Bionic Chip, 6 Core Processor Processor1 Year Warranty for Phone and 6 Months Warranty for In-Box Accessories",https://rukminim1.flixcart.com/image/312/312/xif0q/mobile/3/5/l/-original-imaghx9qmgqsk9s4.jpeg?q=70
37,"APPLE iPhone 14 Pro Max (Gold, 128 GB)","₹1,27,999","128 GB ROM17.02 cm (6.7 inch) Super Retina XDR Display48MP + 12MP + 12MP | 12MP Front CameraA16 Bionic Chip, 6 Core Processor Processor1 Year Warranty for Phone and 6 Months Warranty for In-Box Accessories",https://rukminim1.flixcart.com/image/312/312/xif0q/mobile/k/u/6/-original-imaghxen343tbjgj.jpeg?q=70
38,"APPLE iPhone 12 (Red, 128 GB)","₹56,999","128 GB ROM15.49 cm (6.1 inch) Super Retina XDR Display12MP + 12MP | 12MP Front CameraA14 Bionic Chip with Next Generation Neural Engine ProcessorCeramic ShieldIndustry-leading IP68 Water ResistanceAll Screen OLED Display12MP TrueDepth Front Camera with Night Mode, 4K Dolby Vision HDR RecordingBrand Warranty for 1 Year",https://rukminim1.flixcart.com/image/312/312/kg8avm80/mobile/q/8/f/apple-iphone-12-dummyapplefsn-original-imafwg8dbzv8vh7t.jpeg?q=70
39,"APPLE iPhone 14 Pro (Silver, 128 GB)","₹1,19,999","128 GB ROM15.49 cm (6.1 inch) Super Retina XDR Display48MP + 12MP + 12MP | 12MP Front CameraA16 Bionic Chip, 6 Core Processor Processor1 Year Warranty for Phone and 6 Months Warranty for In-Box Accessories",https://rukminim1.flixcart.com/image/312/312/xif0q/mobile/h/r/e/-original-imaghxeeme2n7hy7.jpeg?q=70
40,"APPLE iPhone 14 Plus (Midnight, 128 GB)","₹77,999","128 GB ROM17.02 cm (6.7 inch) Super Retina XDR Display12MP + 12MP | 12MP Front CameraA15 Bionic Chip, 6 Core Processor Processor1 Year Warranty for Phone and 6 Months Warranty for In-Box Accessories",https://rukminim1.flixcart.com/image/312/312/xif0q/mobile/a/b/0/-original-imaghx9qnhzxegu2.jpeg?q=70
41,"APPLE iPhone 13 mini (Blue, 128 GB)","₹61,999",128 GB ROM13.72 cm (5.4 inch) Super Retina XDR Display12MP + 12MP | 12MP Front CameraA15 Bionic Chip ProcessorBrand Warranty for 1 Year,https://rukminim1.flixcart.com/image/312/312/ktketu80/mobile/a/i/l/iphone-13-mini-mlk93hn-a-apple-original-imag6vp6x67yypzk.jpeg?q=70
42,"APPLE iPhone 14 (Purple, 128 GB)","₹71,999","128 GB ROM15.49 cm (6.1 inch) Super Retina XDR Display12MP + 12MP | 12MP Front CameraA15 Bionic Chip, 6 Core Processor Processor1 Year Warranty for Phone and 6 Months Warranty for In-Box Accessories",https://rukminim1.flixcart.com/image/312/312/xif0q/mobile/b/u/f/-original-imaghxa5hvapbfds.jpeg?q=70
43,"APPLE iPhone 13 ((PRODUCT)RED, 256 GB)","₹71,999",256 GB ROM15.49 cm (6.1 inch) Super Retina XDR Display12MP + 12MP | 12MP Front CameraA15 Bionic Chip ProcessorBrand Warranty for 1 Year,https://rukminim1.flixcart.com/image/312/312/ktketu80/mobile/a/m/7/iphone-13-mlpj3hn-a-apple-original-imag6vpyk3w4zarg.jpeg?q=70
44,"APPLE iPhone 14 Pro Max (Silver, 128 GB)","₹1,27,999","128 GB ROM17.02 cm (6.7 inch) Super Retina XDR Display48MP + 12MP + 12MP | 12MP Front CameraA16 Bionic Chip, 6 Core Processor Processor1 Year Warranty for Phone and 6 Months Warranty for In-Box Accessories",https://rukminim1.flixcart.com/image/312/312/xif0q/mobile/k/s/t/-original-imaghxengzjc2djt.jpeg?q=70
45,"APPLE iPhone 11 (Red, 128 GB)","₹46,999",128 GB ROM15.49 cm (6.1 inch) Liquid Retina HD Display12MP + 12MP | 12MP Front CameraA13 Bionic Chip ProcessorBrand Warranty of 1 Year,https://rukminim1.flixcart.com/image/312/312/k2jbyq80pkrrdj/mobile-refurbished/q/z/g/iphone-11-128-a-mwm32hn-a-apple-0-original-imafkg25hjmuy98e.jpeg?q=70
46,"APPLE iPhone 14 Pro Max (Space Black, 256 GB)","₹1,37,999","256 GB ROM17.02 cm (6.7 inch) Super Retina XDR Display48MP + 12MP + 12MP | 12MP Front CameraA16 Bionic Chip, 6 Core Processor Processor1 Year Warranty for Phone and 6 Months Warranty for In-Box Accessories",https://rukminim1.flixcart.com/image/312/312/xif0q/mobile/9/f/p/-original-imaghxenhnpyhn5u.jpeg?q=70
47,"APPLE iPhone 14 Pro Max (Deep Purple, 512 GB)","₹1,57,999","512 GB ROM17.02 cm (6.7 inch) Super Retina XDR Display48MP + 12MP + 12MP | 12MP Front CameraA16 Bionic Chip, 6 Core Processor Processor1 Year Warranty for Phone and 6 Months Warranty for In-Box Accessories",https://rukminim1.flixcart.com/image/312/312/xif0q/mobile/6/x/j/-original-imaghxejqvpwfqh2.jpeg?q=70
48,"APPLE iPhone 13 mini (Green, 128 GB)","₹61,999",128 GB ROM13.72 cm (5.4 inch) Super Retina XDR Display12MP + 12MP | 12MP Front CameraA15 Bionic Chip ProcessorBrand Warranty for 1 Year,https://rukminim1.flixcart.com/image/312/312/l0igvww0/mobile/y/j/1/-original-imagca5ge9yrbrzq.jpeg?q=70
49,"APPLE iPhone 14 Pro (Deep Purple, 128 GB)","₹1,19,999","128 GB ROM15.49 cm (6.1 inch) Super Retina XDR Display48MP + 12MP + 12MP | 12MP Front CameraA16 Bionic Chip, 6 Core Processor Processor1 Year Warranty for Phone and 6 Months Warranty for In-Box Accessories",https://rukminim1.flixcart.com/image/312/312/xif0q/mobile/l/8/r/-original-imaghxemnnnkd8bg.jpeg?q=70
50,"APPLE iPhone 14 (Starlight, 256 GB)","₹81,999","256 GB ROM15.49 cm (6.1 inch) Super Retina XDR Display12MP + 12MP | 12MP Front CameraA15 Bionic Chip, 6 Core Processor Processor1 Year Warranty for Phone and 6 Months Warranty for In-Box Accessories",https://rukminim1.flixcart.com/image/312/312/xif0q/mobile/m/o/b/-original-imaghx9qkugtbfrn.jpeg?q=70
51,"APPLE iPhone 14 Pro Max (Gold, 512 GB)","₹1,57,999","512 GB ROM17.02 cm (6.7 inch) Super Retina XDR Display48MP + 12MP + 12MP | 12MP Front CameraA16 Bionic Chip, 6 Core Processor Processor1 Year Warranty for Phone and 6 Months Warranty for In-Box Accessories",https://rukminim1.flixcart.com/image/312/312/xif0q/mobile/k/u/6/-original-imaghxen343tbjgj.jpeg?q=70
52,"APPLE iPhone 13 Pro Max (Gold, 512 GB)","₹1,34,999",512 GB ROM17.02 cm (6.7 inch) Super Retina XDR Display12MP + 12MP + 12MP | 12MP Front CameraA15 Bionic Chip ProcessorBrand Warranty for 1 Year,https://rukminim1.flixcart.com/image/312/312/ktketu80/mobile/6/v/c/iphone-13-pro-max-mllh3hn-a-apple-original-imag6vpgpycue85h.jpeg?q=70
53,"APPLE iPhone 12 (Black, 256 GB)","₹66,999","256 GB ROM15.49 cm (6.1 inch) Super Retina XDR Display12MP + 12MP | 12MP Front CameraA14 Bionic Chip with Next Generation Neural Engine ProcessorCeramic ShieldIndustry-leading IP68 Water ResistanceAll Screen OLED Display12MP TrueDepth Front Camera with Night Mode, 4K Dolby Vision HDR RecordingBrand Warranty for 1 Year",https://rukminim1.flixcart.com/image/312/312/kg8avm80/mobile/r/h/z/apple-iphone-12-dummyapplefsn-original-imafwg8duby8qbn4.jpeg?q=70
54,"APPLE iPhone 14 Pro (Deep Purple, 256 GB)","₹1,29,999","256 GB ROM15.49 cm (6.1 inch) Super Retina XDR Display48MP + 12MP + 12MP | 12MP Front CameraA16 Bionic Chip, 6 Core Processor Processor1 Year Warranty for Phone and 6 Months Warranty for In-Box Accessories",https://rukminim1.flixcart.com/image/312/312/xif0q/mobile/l/8/r/-original-imaghxemnnnkd8bg.jpeg?q=70
55,"APPLE iPhone 14 Plus (Midnight, 512 GB)","₹1,07,999","512 GB ROM17.02 cm (6.7 inch) Super Retina XDR Display12MP + 12MP | 12MP Front CameraA15 Bionic Chip, 6 Core Processor Processor1 Year Warranty for Phone and 6 Months Warranty for In-Box Accessories",https://rukminim1.flixcart.com/image/312/312/xif0q/mobile/a/b/0/-original-imaghx9qnhzxegu2.jpeg?q=70
56,"APPLE iPhone 14 (Midnight, 512 GB)","₹1,01,999","512 GB ROM15.49 cm (6.1 inch) Super Retina XDR Display12MP + 12MP | 12MP Front CameraA15 Bionic Chip, 6 Core Processor Processor1 Year Warranty for Phone and 6 Months Warranty for In-Box Accessories",https://rukminim1.flixcart.com/image/312/312/xif0q/mobile/9/e/e/-original-imaghx9q5rvcdghy.jpeg?q=70
57,"APPLE iPhone 13 (Midnight, 512 GB)","₹91,999",512 GB ROM15.49 cm (6.1 inch) Super Retina XDR Display12MP + 12MP | 12MP Front CameraA15 Bionic Chip ProcessorBrand Warranty for 1 Year,https://rukminim1.flixcart.com/image/312/312/ktketu80/mobile/s/l/c/iphone-13-mlpf3hn-a-apple-original-imag6vzz5qvejz8z.jpeg?q=70
58,"APPLE iPhone 12 (Blue, 256 GB)","₹66,999","256 GB ROM15.49 cm (6.1 inch) Super Retina XDR Display12MP + 12MP | 12MP Front CameraA14 Bionic Chip with Next Generation Neural Engine ProcessorCeramic ShieldIndustry-leading IP68 Water ResistanceAll Screen OLED Display12MP TrueDepth Front Camera with Night Mode, 4K Dolby Vision HDR RecordingBrand Warranty for 1 Year",https://rukminim1.flixcart.com/image/312/312/kg8avm80/mobile/y/7/n/apple-iphone-12-dummyapplefsn-original-imafwg8dpyjvgg3j.jpeg?q=70
59,"APPLE iPhone 14 Pro Max (Deep Purple, 128 GB)","₹1,27,999","128 GB ROM17.02 cm (6.7 inch) Super Retina XDR Display48MP + 12MP + 12MP | 12MP Front CameraA16 Bionic Chip, 6 Core Processor Processor1 Year Warranty for Phone and 6 Months Warranty for In-Box Accessories",https://rukminim1.flixcart.com/image/312/312/xif0q/mobile/6/x/j/-original-imaghxejqvpwfqh2.jpeg?q=70
60,"APPLE iPhone 13 (Blue, 512 GB)","₹91,999",512 GB ROM15.49 cm (6.1 inch) Super Retina XDR Display12MP + 12MP | 12MP Front CameraA15 Bionic Chip ProcessorBrand Warranty for 1 Year,https://rukminim1.flixcart.com/image/312/312/ktketu80/mobile/2/y/o/iphone-13-mlpk3hn-a-apple-original-imag6vpyur6hjngg.jpeg?q=70
61,"APPLE iPhone 11 (Red, 64 GB)","₹41,999",64 GB ROM15.49 cm (6.1 inch) Liquid Retina HD Display12MP + 12MP | 12MP Front CameraA13 Bionic Chip ProcessorBrand Warranty of 1 Year,https://rukminim1.flixcart.com/image/312/312/k2jbyq80pkrrdj/mobile-refurbished/q/z/g/iphone-11-128-a-mwm32hn-a-apple-0-original-imafkg25hjmuy98e.jpeg?q=70
62,"APPLE iPhone 14 (Purple, 512 GB)","₹1,01,999","512 GB ROM15.49 cm (6.1 inch) Super Retina XDR Display12MP + 12MP | 12MP Front CameraA15 Bionic Chip, 6 Core Processor Processor1 Year Warranty for Phone and 6 Months Warranty for In-Box Accessories",https://rukminim1.flixcart.com/image/312/312/xif0q/mobile/b/u/f/-original-imaghxa5hvapbfds.jpeg?q=70
63,"APPLE iPhone 14 Plus (Starlight, 512 GB)","₹1,07,999","512 GB ROM17.02 cm (6.7 inch) Super Retina XDR Display12MP + 12MP | 12MP Front CameraA15 Bionic Chip, 6 Core Processor Processor1 Year Warranty for Phone and 6 Months Warranty for In-Box Accessories",https://rukminim1.flixcart.com/image/312/312/xif0q/mobile/l/v/8/-original-imaghx9qudmydgc4.jpeg?q=70
64,"APPLE iPhone 12 Pro (Gold, 512 GB)","₹1,06,699","512 GB ROM15.49 cm (6.1 inch) Super Retina XDR Display12MP + 12MP + 12MP | 12MP Front CameraA14 Bionic Chip with Next Generation Neural Engine ProcessorCeramic Shield | Industry-leading IP68 Water ResistanceAll Screen OLED DisplayLiDAR Scanner for Improved AR Experiences, Night Mode PortraitsBrand Warranty for 1 Year",https://rukminim1.flixcart.com/image/312/312/kg8avm80/mobile/s/9/w/apple-iphone-12-pro-dummyapplefsn-original-imafwgbrnpyygbv9.jpeg?q=70
65,"APPLE iPhone 14 Pro (Gold, 512 GB)","₹1,49,999","512 GB ROM15.49 cm (6.1 inch) Super Retina XDR Display48MP + 12MP + 12MP | 12MP Front CameraA16 Bionic Chip, 6 Core Processor Processor1 Year Warranty for Phone and 6 Months Warranty for In-Box Accessories",https://rukminim1.flixcart.com/image/312/312/xif0q/mobile/i/h/c/-original-imaghxemmqyahnuj.jpeg?q=70
66,"APPLE iPhone 14 ((PRODUCT)RED, 512 GB)","₹1,01,999","512 GB ROM15.49 cm (6.1 inch) Super Retina XDR Display12MP + 12MP | 12MP Front CameraA15 Bionic Chip, 6 Core Processor Processor1 Year Warranty for Phone and 6 Months Warranty for In-Box Accessories",https://rukminim1.flixcart.com/image/312/312/xif0q/mobile/r/k/o/-original-imaghx9qtwbnhwvy.jpeg?q=70
67,"APPLE iPhone 14 Pro Max (Silver, 512 GB)","₹1,57,999","512 GB ROM17.02 cm (6.7 inch) Super Retina XDR Display48MP + 12MP + 12MP | 12MP Front CameraA16 Bionic Chip, 6 Core Processor Processor1 Year Warranty for Phone and 6 Months Warranty for In-Box Accessories",https://rukminim1.flixcart.com/image/312/312/xif0q/mobile/k/s/t/-original-imaghxengzjc2djt.jpeg?q=70
68,"APPLE iPhone 14 Plus ((PRODUCT)RED, 512 GB)","₹1,07,999","512 GB ROM17.02 cm (6.7 inch) Super Retina XDR Display12MP + 12MP | 12MP Front CameraA15 Bionic Chip, 6 Core Processor Processor1 Year Warranty for Phone and 6 Months Warranty for In-Box Accessories",https://rukminim1.flixcart.com/image/312/312/xif0q/mobile/a/h/7/-original-imaghx9qaepzajta.jpeg?q=70
69,"APPLE iPhone 13 Pro Max (Alpine Green, 512 GB)","₹1,34,999",512 GB ROM17.02 cm (6.7 inch) Super Retina XDR Display12MP + 12MP + 12MP | 12MP Front CameraA15 Bionic Chip ProcessorBrand Warranty for 1 Year,https://rukminim1.flixcart.com/image/312/312/l0igvww0/mobile/2/g/r/-original-imagca5kqvhuscnv.jpeg?q=70
70,"APPLE iPhone 14 Plus (Blue, 512 GB)","₹1,07,999","512 GB ROM17.02 cm (6.7 inch) Super Retina XDR Display12MP + 12MP | 12MP Front CameraA15 Bionic Chip, 6 Core Processor Processor1 Year Warranty for Phone and 6 Months Warranty for In-Box Accessories",https://rukminim1.flixcart.com/image/312/312/xif0q/mobile/c/4/d/-original-imaghx9qygjjg8hz.jpeg?q=70
71,"APPLE iPhone SE (White, 256 GB)","₹40,990","256 GB ROM11.94 cm (4.7 inch) Retina HD Display12MP Rear Camera | 7MP Front CameraA13 Bionic Chip with 3rd Gen Neural Engine ProcessorWater and Dust Resistant (1 meter for Upto 30 minutes, IP67)Fast Charge CapableWireless charging (Works with Qi Chargers | Qi Chargers are Sold SeparatelyBrand Warranty of 1 Year",https://rukminim1.flixcart.com/image/312/312/k9loccw0/mobile/6/b/z/apple-iphone-se-mxd12hn-a-original-imafrcqf9nze6evk.jpeg?q=70
72,"APPLE iPhone 13 mini (Midnight, 512 GB)","₹89,999",512 GB ROM13.72 cm (5.4 inch) Super Retina XDR Display12MP + 12MP | 12MP Front CameraA15 Bionic Chip ProcessorBrand Warranty for 1 Year,https://rukminim1.flixcart.com/image/312/312/ktketu80/mobile/r/8/l/iphone-13-mini-mlk53hn-a-apple-original-imag6vp693zncyk7.jpeg?q=70
73,"APPLE iPhone 13 (Starlight, 512 GB)","₹91,999",512 GB ROM15.49 cm (6.1 inch) Super Retina XDR Display12MP + 12MP | 12MP Front CameraA15 Bionic Chip ProcessorBrand Warranty for 1 Year,https://rukminim1.flixcart.com/image/312/312/ktketu80/mobile/6/n/d/iphone-13-mlpg3hn-a-apple-original-imag6vpyghayhhrh.jpeg?q=70
74,"APPLE iPhone 13 Pro (Silver, 512 GB)","₹1,25,999",512 GB ROM15.49 cm (6.1 inch) Super Retina XDR Display12MP + 12MP + 12MP | 12MP Front CameraA15 Bionic Chip ProcessorBrand Warranty for 1 Year,https://rukminim1.flixcart.com/image/312/312/ktketu80/mobile/a/e/g/iphone-13-pro-mlvw3hn-a-apple-original-imag6vpcvspnzyfy.jpeg?q=70
75,"APPLE iPhone 14 Pro (Space Black, 512 GB)","₹1,49,999","512 GB ROM15.49 cm (6.1 inch) Super Retina XDR Display48MP + 12MP + 12MP | 12MP Front CameraA16 Bionic Chip, 6 Core Processor Processor1 Year Warranty for Phone and 6 Months Warranty for In-Box Accessories",https://rukminim1.flixcart.com/image/312/312/xif0q/mobile/y/l/p/-original-imaghxemc3wtcuhb.jpeg?q=70
76,"APPLE iPhone 13 Pro (Alpine Green, 1 TB)","₹1,44,999",1 TB ROM15.49 cm (6.1 inch) Super Retina XDR Display12MP + 12MP + 12MP | 12MP Front CameraA15 Bionic Chip ProcessorBrand Warranty for 1 Year,https://rukminim1.flixcart.com/image/312/312/l0igvww0/mobile/c/j/j/-original-imagca5hhzsgpycf.jpeg?q=70
77,"APPLE iPhone 13 ((PRODUCT)RED, 512 GB)","₹91,999",512 GB ROM15.49 cm (6.1 inch) Super Retina XDR Display12MP + 12MP | 12MP Front CameraA15 Bionic Chip ProcessorBrand Warranty for 1 Year,https://rukminim1.flixcart.com/image/312/312/ktketu80/mobile/a/m/7/iphone-13-mlpj3hn-a-apple-original-imag6vpyk3w4zarg.jpeg?q=70
78,"APPLE iPhone 14 Plus (Purple, 512 GB)","₹1,07,999","512 GB ROM17.02 cm (6.7 inch) Super Retina XDR Display12MP + 12MP | 12MP Front CameraA15 Bionic Chip, 6 Core Processor Processor1 Year Warranty for Phone and 6 Months Warranty for In-Box Accessories",https://rukminim1.flixcart.com/image/312/312/xif0q/mobile/v/0/t/-original-imaghxa5rgcv5enm.jpeg?q=70
79,"APPLE iPhone 14 Pro Max (Deep Purple, 1 TB)","₹1,77,999","1 TB ROM17.02 cm (6.7 inch) Super Retina XDR Display48MP + 12MP + 12MP | 12MP Front CameraA16 Bionic Chip, 6 Core Processor Processor1 Year Warranty for Phone and 6 Months Warranty for In-Box Accessories",https://rukminim1.flixcart.com/image/312/312/xif0q/mobile/6/x/j/-original-imaghxejqvpwfqh2.jpeg?q=70
80,"APPLE iPhone 14 (Blue, 512 GB)","₹1,01,999","512 GB ROM15.49 cm (6.1 inch) Super Retina XDR Display12MP + 12MP | 12MP Front CameraA15 Bionic Chip, 6 Core Processor Processor1 Year Warranty for Phone and 6 Months Warranty for In-Box Accessories",https://rukminim1.flixcart.com/image/312/312/xif0q/mobile/3/5/l/-original-imaghx9qmgqsk9s4.jpeg?q=70
81,"APPLE iPhone 13 mini ((PRODUCT)RED, 512 GB)","₹89,999",512 GB ROM13.72 cm (5.4 inch) Super Retina XDR Display12MP + 12MP | 12MP Front CameraA15 Bionic Chip ProcessorBrand Warranty for 1 Year,https://rukminim1.flixcart.com/image/312/312/ktketu80/mobile/i/q/p/iphone-13-mini-mlke3hn-a-apple-original-imag6vp6abdxzuh8.jpeg?q=70
82,"APPLE iPhone 13 Pro (Gold, 512 GB)","₹1,25,999",512 GB ROM15.49 cm (6.1 inch) Super Retina XDR Display12MP + 12MP + 12MP | 12MP Front CameraA15 Bionic Chip ProcessorBrand Warranty for 1 Year,https://rukminim1.flixcart.com/image/312/312/ktketu80/mobile/z/h/v/iphone-13-pro-mlvq3hn-a-apple-original-imag6vpc6mx3zwhz.jpeg?q=70
83,"APPLE iPhone 12 (Red, 256 GB)","₹66,999","256 GB ROM15.49 cm (6.1 inch) Super Retina XDR Display12MP + 12MP | 12MP Front CameraA14 Bionic Chip with Next Generation Neural Engine ProcessorCeramic ShieldIndustry-leading IP68 Water ResistanceAll Screen OLED Display12MP TrueDepth Front Camera with Night Mode, 4K Dolby Vision HDR RecordingBrand Warranty for 1 Year",https://rukminim1.flixcart.com/image/312/312/kg8avm80/mobile/q/8/f/apple-iphone-12-dummyapplefsn-original-imafwg8dbzv8vh7t.jpeg?q=70
84,"APPLE iPhone 12 mini (Black, 64 GB)","₹50,999","64 GB ROM13.72 cm (5.4 inch) Super Retina XDR Display12MP + 12MP | 12MP Front CameraA14 Bionic Chip with Next Generation Neural Engine ProcessorCeramic ShieldIndustry-leading IP68 Water ResistanceAll Screen OLED Display12MP TrueDepth Front Camera with Night Mode, 4K Dolby Vision HDR RecordingBrand Warranty for 1 Year",https://rukminim1.flixcart.com/image/312/312/kg8avm80/mobile/n/p/d/apple-iphone-12-mini-dummyapplefsn-original-imafwgbfwkfrerak.jpeg?q=70
85,"APPLE iPhone 13 (Green, 512 GB)","₹91,999",512 GB ROM15.49 cm (6.1 inch) Super Retina XDR Display12MP + 12MP | 12MP Front CameraA15 Bionic Chip ProcessorBrand Warranty for 1 Year,https://rukminim1.flixcart.com/image/312/312/l0igvww0/mobile/r/q/m/-original-imagca5ajerqpfjy.jpeg?q=70
86,"APPLE iPhone 13 Pro Max (Sierra Blue, 512 GB)","₹1,34,999",512 GB ROM17.02 cm (6.7 inch) Super Retina XDR Display12MP + 12MP + 12MP | 12MP Front CameraA15 Bionic Chip ProcessorBrand Warranty for 1 Year,https://rukminim1.flixcart.com/image/312/312/ktketu80/mobile/r/m/8/iphone-13-pro-max-mllj3hn-a-apple-original-imag6vpgphrzuffg.jpeg?q=70
87,"APPLE iPhone 14 Pro (Silver, 1 TB)","₹1,69,999","1 TB ROM15.49 cm (6.1 inch) Super Retina XDR Display48MP + 12MP + 12MP | 12MP Front CameraA16 Bionic Chip, 6 Core Processor Processor1 Year Warranty for Phone and 6 Months Warranty for In-Box Accessories",https://rukminim1.flixcart.com/image/312/312/xif0q/mobile/h/r/e/-original-imaghxeeme2n7hy7.jpeg?q=70
88,"APPLE iPhone 13 Pro Max (Sierra Blue, 256 GB)","₹1,39,900",256 GB ROM17.02 cm (6.7 inch) Super Retina XDR Display12MP + 12MP + 12MP | 12MP Front CameraA15 Bionic Chip ProcessorBrand Warranty for 1 Year,https://rukminim1.flixcart.com/image/312/312/ktketu80/mobile/r/m/8/iphone-13-pro-max-mllj3hn-a-apple-original-imag6vpgphrzuffg.jpeg?q=70
89,"APPLE iPhone 11 Pro Max (Gold, 64 GB)","₹95,699",64 GB ROM16.51 cm (6.5 inch) Super Retina XDR Display12MP + 12MP + 12MP | 12MP Front CameraA13 Bionic Chip ProcessorBrand Warranty for 1 Year,https://rukminim1.flixcart.com/image/312/312/k2jbyq80pkrrdj/mobile-refurbished/e/b/u/iphone-11-pro-max-64-a-mwhg2hn-a-apple-0-original-imafkg2fg3evmhuy.jpeg?q=70
90,"APPLE iPhone 14 (Yellow, 512 GB)","₹1,01,999","512 GB ROM15.49 cm (6.1 inch) Super Retina XDR Display12MP + 12MP | 12MP Front CameraA15 Bionic Chip, 6 Core Processor Processor1 Year Warranty for Phone and 6 Months Warranty for In-Box Accessories",https://rukminim1.flixcart.com/image/312/312/xif0q/mobile/e/l/d/-original-imagnhusa2upmgeq.jpeg?q=70
91,"APPLE iPhone 12 mini (Black, 128 GB)","₹55,999","128 GB ROM13.72 cm (5.4 inch) Super Retina XDR Display12MP + 12MP | 12MP Front CameraA14 Bionic Chip with Next Generation Neural Engine ProcessorCeramic ShieldIndustry-leading IP68 Water ResistanceAll Screen OLED Display12MP TrueDepth Front Camera with Night Mode, 4K Dolby Vision HDR RecordingBrand Warranty for 1 Year",https://rukminim1.flixcart.com/image/312/312/kg8avm80/mobile/n/p/d/apple-iphone-12-mini-dummyapplefsn-original-imafwgbfwkfrerak.jpeg?q=70
92,"APPLE iPhone 14 Plus (Starlight, 256 GB)","₹87,999","256 GB ROM17.02 cm (6.7 inch) Super Retina XDR Display12MP + 12MP | 12MP Front CameraA15 Bionic Chip, 6 Core Processor Processor1 Year Warranty for Phone and 6 Months Warranty for In-Box Accessories",https://rukminim1.flixcart.com/image/312/312/xif0q/mobile/l/v/8/-original-imaghx9qudmydgc4.jpeg?q=70
93,"APPLE iPhone 13 mini (Pink, 128 GB)","₹61,999",128 GB ROM13.72 cm (5.4 inch) Super Retina XDR Display12MP + 12MP | 12MP Front CameraA15 Bionic Chip ProcessorBrand Warranty for 1 Year,https://rukminim1.flixcart.com/image/312/312/ktketu80/mobile/u/p/8/iphone-13-mini-mlk23hn-a-apple-original-imag6vp6btm5zacs.jpeg?q=70
94,"APPLE iPhone 14 Pro Max (Space Black, 512 GB)","₹1,57,999","512 GB ROM17.02 cm (6.7 inch) Super Retina XDR Display48MP + 12MP + 12MP | 12MP Front CameraA16 Bionic Chip, 6 Core Processor Processor1 Year Warranty for Phone and 6 Months Warranty for In-Box Accessories",https://rukminim1.flixcart.com/image/312/312/xif0q/mobile/9/f/p/-original-imaghxenhnpyhn5u.jpeg?q=70
95,"APPLE iPhone 13 Pro Max (Sierra Blue, 128 GB)","₹1,29,900",128 GB ROM17.02 cm (6.7 inch) Super Retina XDR Display12MP + 12MP + 12MP | 12MP Front CameraA15 Bionic Chip ProcessorBrand Warranty for 1 Year,https://rukminim1.flixcart.com/image/312/312/ktketu80/mobile/r/m/8/iphone-13-pro-max-mllj3hn-a-apple-original-imag6vpgphrzuffg.jpeg?q=70
96,"APPLE iPhone 13 mini (Pink, 128 GB)","₹61,999",128 GB ROM13.72 cm (5.4 inch) Super Retina XDR Display12MP + 12MP | 12MP Front CameraA15 Bionic Chip ProcessorBrand Warranty for 1 Year,https://rukminim1.flixcart.com/image/312/312/ktketu80/mobile/u/p/8/iphone-13-mini-mlk23hn-a-apple-original-imag6vp6btm5zacs.jpeg?q=70
97,"APPLE iPhone 14 Pro Max (Space Black, 512 GB)","₹1,57,999","512 GB ROM17.02 cm (6.7 inch) Super Retina XDR Display48MP + 12MP + 12MP | 12MP Front CameraA16 Bionic Chip, 6 Core Processor Processor1 Year Warranty for Phone and 6 Months Warranty for In-Box Accessories",https://rukminim1.flixcart.com/image/312/312/xif0q/mobile/9/f/p/-original-imaghxenhnpyhn5u.jpeg?q=70
98,"APPLE iPhone 13 Pro Max (Sierra Blue, 128 GB)","₹1,29,900",128 GB ROM17.02 cm (6.7 inch) Super Retina XDR Display12MP + 12MP + 12MP | 12MP Front CameraA15 Bionic Chip ProcessorBrand Warranty for 1 Year,https://rukminim1.flixcart.com/image/312/312/ktketu80/mobile/r/m/8/iphone-13-pro-max-mllj3hn-a-apple-original-imag6vpgphrzuffg.jpeg?q=70
99,"APPLE iPhone SE (Red, 64 GB)","₹28,990","64 GB ROM11.94 cm (4.7 inch) Retina HD Display12MP Rear Camera | 7MP Front CameraA13 Bionic Chip with 3rd Gen Neural Engine ProcessorWater and Dust Resistant (1 meter for Upto 30 minutes, IP67)Fast Charge CapableWireless charging (Works with Qi Chargers | Qi Chargers are Sold SeparatelyBrand Warranty of 1 Year",https://rukminim1.flixcart.com/image/312/312/k9loccw0/mobile/6/8/g/apple-iphone-se-mxvv2hn-a-original-imafrcqmfh4zznmq.jpeg?q=70
100,"APPLE iPhone 12 (Purple, 64 GB)","₹53,999","64 GB ROM15.49 cm (6.1 inch) Super Retina XDR Display12MP + 12MP | 12MP Front CameraA14 Bionic Chip with Next Generation Neural Engine ProcessorCeramic ShieldIndustry-leading IP68 Water ResistanceAll Screen OLED Display12MP TrueDepth Front Camera with Night Mode, 4K Dolby Vision HDR RecordingBrand Warranty for 1 Year",https://rukminim1.flixcart.com/image/312/312/ko0d6kw0/mobile/6/h/y/iphone-12-mjnm3hn-a-apple-original-imag2k2v6ehvnzfd.jpeg?q=70
101,"APPLE iPhone 14 Pro (Deep Purple, 512 GB)","₹1,49,999","512 GB ROM15.49 cm (6.1 inch) Super Retina XDR Display48MP + 12MP + 12MP | 12MP Front CameraA16 Bionic Chip, 6 Core Processor Processor1 Year Warranty for Phone and 6 Months Warranty for In-Box Accessories",https://rukminim1.flixcart.com/image/312/312/xif0q/mobile/l/8/r/-original-imaghxemnnnkd8bg.jpeg?q=70
102,"APPLE iPhone XR ((PRODUCT)RED, 64 GB)","₹36,999","64 GB ROM15.49 cm (6.1 inch) Display12MP Rear Camera | 7MP Front CameraA12 Bionic Chip ProcessorWater and Dust Resistant (1 meter for Upto 30 minutes, IP67)Face ID for Secure AuthenticationFast-charge CapableBrand Warranty of 1 Year",https://rukminim1.flixcart.com/image/312/312/jpbic280/mobile-refurbished/c/2/q/iphone-xr-256-b-mrym2hn-a-apple-0-original-imafbhyybbhddts7.jpeg?q=70
103,"APPLE iPhone 13 Pro (Graphite, 1 TB)","₹1,44,999",1 TB ROM15.49 cm (6.1 inch) Super Retina XDR Display12MP + 12MP + 12MP | 12MP Front CameraA15 Bionic Chip ProcessorBrand Warranty for 1 Year,https://rukminim1.flixcart.com/image/312/312/ktketu80/mobile/m/t/r/iphone-13-pro-mlvv3hn-a-apple-original-imag6vpb7zg6bnvb.jpeg?q=70
104,"APPLE iPhone XS Max (Space Grey, 64 GB)","₹1,09,899",64 GB ROM16.51 cm (6.5 inch) Super Retina HD Display12MP + 12MP | 7MP Front CameraA12 Bionic Chip ProcessoriOS 13 Compatible1 Year Limited Warranty for Products and Accessories,https://rukminim1.flixcart.com/image/312/312/jm9hfgw0/mobile/f/t/a/apple-iphone-xs-max-mt532hn-a-original-imaf97f6y3spd7yz.jpeg?q=70
105,"APPLE iPhone 13 mini (Pink, 512 GB)","₹89,999",512 GB ROM13.72 cm (5.4 inch) Super Retina XDR Display12MP + 12MP | 12MP Front CameraA15 Bionic Chip ProcessorBrand Warranty for 1 Year,https://rukminim1.flixcart.com/image/312/312/ktketu80/mobile/u/p/8/iphone-13-mini-mlk23hn-a-apple-original-imag6vp6btm5zacs.jpeg?q=70
106,"APPLE iPhone 8 Plus (Space Grey, 64 GB)","₹49,900","64 GB ROM13.97 cm (5.5 inch) Retina HD Display12MP + 12MP | 7MP Front CameraA11 Bionic Chip with 64-bit Architecture, Neural Engine, Embedded M11 Motion Coprocessor ProcessorBrand Warranty of 1 Year",https://rukminim1.flixcart.com/image/312/312/j7ksia80/mobile/t/4/f/apple-iphone-8-plus-mq8g2hn-a-original-imaexsfhxepbngdq.jpeg?q=70
107,"APPLE iPhone 13 Pro Max (Gold, 128 GB)","₹1,29,900",128 GB ROM17.02 cm (6.7 inch) Super Retina XDR Display12MP + 12MP + 12MP | 12MP Front CameraA15 Bionic Chip ProcessorBrand Warranty for 1 Year,https://rukminim1.flixcart.com/image/312/312/ktketu80/mobile/6/v/c/iphone-13-pro-max-mllh3hn-a-apple-original-imag6vpgpycue85h.jpeg?q=70
108,"APPLE iPhone XR (White, 64 GB)","₹36,999","64 GB ROM15.49 cm (6.1 inch) Display12MP Rear Camera | 7MP Front CameraA12 Bionic Chip ProcessorWater and Dust Resistant (1 meter for Upto 30 minutes, IP67)Face ID for Secure AuthenticationFast-charge CapableBrand Warranty of 1 Year",https://rukminim1.flixcart.com/image/312/312/k0lbdzk0pkrrdj/mobile/4/8/c/apple-iphone-xr-mryd2hn-a-original-imafbhywqyhvww9c.jpeg?q=70
109,"APPLE iPhone 14 (Starlight, 512 GB)","₹1,01,999","512 GB ROM15.49 cm (6.1 inch) Super Retina XDR Display12MP + 12MP | 12MP Front CameraA15 Bionic Chip, 6 Core Processor Processor1 Year Warranty for Phone and 6 Months Warranty for In-Box Accessories",https://rukminim1.flixcart.com/image/312/312/xif0q/mobile/m/o/b/-original-imaghx9qkugtbfrn.jpeg?q=70
110,"APPLE iPhone 12 mini (Green, 128 GB)","₹55,999","128 GB ROM13.72 cm (5.4 inch) Super Retina XDR Display12MP + 12MP | 12MP Front CameraA14 Bionic Chip with Next Generation Neural Engine ProcessorCeramic ShieldIndustry-leading IP68 Water ResistanceAll Screen OLED Display12MP TrueDepth Front Camera with Night Mode, 4K Dolby Vision HDR RecordingBrand Warranty for 1 Year",https://rukminim1.flixcart.com/image/312/312/kg8avm80/mobile/h/v/w/apple-iphone-12-mini-dummyapplefsn-original-imafwgb2zkjcwpre.jpeg?q=70
111,"APPLE iPhone 13 Pro Max (Silver, 1 TB)","₹1,55,999",1 TB ROM17.02 cm (6.7 inch) Super Retina XDR Display12MP + 12MP + 12MP | 12MP Front CameraA15 Bionic Chip ProcessorBrand Warranty for 1 Year,https://rukminim1.flixcart.com/image/312/312/ktketu80/mobile/c/g/4/iphone-13-pro-max-mlll3hn-a-apple-original-imag6vpg3r7dyvhm.jpeg?q=70
112,"APPLE iPhone 14 Plus (Purple, 256 GB)","₹87,999","256 GB ROM17.02 cm (6.7 inch) Super Retina XDR Display12MP + 12MP | 12MP Front CameraA15 Bionic Chip, 6 Core Processor Processor1 Year Warranty for Phone and 6 Months Warranty for In-Box Accessories",https://rukminim1.flixcart.com/image/312/312/xif0q/mobile/v/0/t/-original-imaghxa5rgcv5enm.jpeg?q=70
113,"APPLE iPhone 6 (Space Grey, 32 GB)","₹30,780",32 GB ROM11.94 cm (4.7 inch) Retina HD Display8MP Rear Camera | 1.2MP Front CameraApple A8 64-bit processor and M8 Motion Co-processorBrand Warranty of 1 Year,https://rukminim1.flixcart.com/image/312/312/j2c6du80/mobile/f/2/j/apple-iphone-6-a1586-original-imaetnf2h6gck78p.jpeg?q=70
114,"APPLE iPhone 12 mini (White, 64 GB)","₹50,999","64 GB ROM13.72 cm (5.4 inch) Super Retina XDR Display12MP + 12MP | 12MP Front CameraA14 Bionic Chip with Next Generation Neural Engine ProcessorCeramic ShieldIndustry-leading IP68 Water ResistanceAll Screen OLED Display12MP TrueDepth Front Camera with Night Mode, 4K Dolby Vision HDR RecordingBrand Warranty for 1 Year",https://rukminim1.flixcart.com/image/312/312/kg8avm80/mobile/d/g/b/apple-iphone-12-mini-dummyapplefsn-original-imafwgbfhx4cfzue.jpeg?q=70
115,"APPLE iPhone 14 Plus (Yellow, 128 GB)","₹77,999","128 GB ROM17.02 cm (6.7 inch) Super Retina XDR Display12MP + 12MP | 12MP Front CameraA15 Bionic Chip, 6 Core Processor Processor1 Year Warranty for Phone and 6 Months Warranty for In-Box Accessories",https://rukminim1.flixcart.com/image/312/312/xif0q/mobile/0/h/8/-original-imagnhussytbyhpd.jpeg?q=70
116,"APPLE iPhone 13 Pro Max (Graphite, 1 TB)","₹1,55,999",1 TB ROM17.02 cm (6.7 inch) Super Retina XDR Display12MP + 12MP + 12MP | 12MP Front CameraA15 Bionic Chip ProcessorBrand Warranty for 1 Year,https://rukminim1.flixcart.com/image/312/312/ktketu80/mobile/3/e/o/iphone-13-pro-max-mll63hn-a-apple-original-imag6vpgwfgxdsj6.jpeg?q=70
117,"APPLE iPhone 12 Pro (Silver, 512 GB)","₹1,06,699","512 GB ROM15.49 cm (6.1 inch) Super Retina XDR Display12MP + 12MP + 12MP | 12MP Front CameraA14 Bionic Chip with Next Generation Neural Engine ProcessorCeramic Shield | Industry-leading IP68 Water ResistanceAll Screen OLED DisplayLiDAR Scanner for Improved AR Experiences, Night Mode PortraitsBrand Warranty for 1 Year",https://rukminim1.flixcart.com/image/312/312/kg8avm80/mobile/b/v/a/apple-iphone-12-pro-dummyapplefsn-original-imafwgbr45csnczy.jpeg?q=70
118,"APPLE iPhone 14 Pro (Silver, 512 GB)","₹1,49,999","512 GB ROM15.49 cm (6.1 inch) Super Retina XDR Display48MP + 12MP + 12MP | 12MP Front CameraA16 Bionic Chip, 6 Core Processor Processor1 Year Warranty for Phone and 6 Months Warranty for In-Box Accessories",https://rukminim1.flixcart.com/image/312/312/xif0q/mobile/h/r/e/-original-imaghxeeme2n7hy7.jpeg?q=70
119,"APPLE iPhone 8 Plus (Gold, 64 GB)","₹49,900","64 GB ROM13.97 cm (5.5 inch) Retina HD Display12MP + 12MP | 7MP Front CameraA11 Bionic Chip with 64-bit Architecture, Neural Engine, Embedded M11 Motion Coprocessor ProcessorBrand Warranty of 1 Year",https://rukminim1.flixcart.com/image/312/312/j7ksia80/mobile/u/z/b/apple-iphone-8-plus-mq8j2hn-a-original-imaexsfmnxjcfc8t.jpeg?q=70
120,"APPLE iPhone 11 Pro Max (Space Grey, 64 GB)","₹95,699",64 GB ROM16.51 cm (6.5 inch) Super Retina XDR Display12MP + 12MP + 12MP | 12MP Front CameraA13 Bionic Chip ProcessorBrand Warranty for 1 Year,https://rukminim1.flixcart.com/image/312/312/k2jbyq80pkrrdj/mobile-refurbished/c/u/e/iphone-11-pro-512-u-mwcd2hn-a-apple-0-original-imafkg2fhzhzzh5s.jpeg?q=70
121,"APPLE iPhone 14 Pro (Space Black, 1 TB)","₹1,69,999","1 TB ROM15.49 cm (6.1 inch) Super Retina XDR Display48MP + 12MP + 12MP | 12MP Front CameraA16 Bionic Chip, 6 Core Processor Processor1 Year Warranty for Phone and 6 Months Warranty for In-Box Accessories",https://rukminim1.flixcart.com/image/312/312/xif0q/mobile/y/l/p/-original-imaghxemc3wtcuhb.jpeg?q=70
122,"APPLE iPhone 13 Pro Max (Alpine Green, 1 TB)","₹1,55,999",1 TB ROM17.02 cm (6.7 inch) Super Retina XDR Display12MP + 12MP + 12MP | 12MP Front CameraA15 Bionic Chip ProcessorBrand Warranty for 1 Year,https://rukminim1.flixcart.com/image/312/312/l0igvww0/mobile/2/g/r/-original-imagca5kqvhuscnv.jpeg?q=70
123,"APPLE iPhone 13 mini (Green, 512 GB)","₹89,999",512 GB ROM13.72 cm (5.4 inch) Super Retina XDR Display12MP + 12MP | 12MP Front CameraA15 Bionic Chip ProcessorBrand Warranty for 1 Year,https://rukminim1.flixcart.com/image/312/312/l0igvww0/mobile/y/j/1/-original-imagca5ge9yrbrzq.jpeg?q=70
124,"APPLE iPhone 13 Pro Max (Graphite, 512 GB)","₹1,34,999",512 GB ROM17.02 cm (6.7 inch) Super Retina XDR Display12MP + 12MP + 12MP | 12MP Front CameraA15 Bionic Chip ProcessorBrand Warranty for 1 Year,https://rukminim1.flixcart.com/image/312/312/ktketu80/mobile/3/e/o/iphone-13-pro-max-mll63hn-a-apple-original-imag6vpgwfgxdsj6.jpeg?q=70
125,"APPLE iPhone 14 Pro (Gold, 1 TB)","₹1,69,999","1 TB ROM15.49 cm (6.1 inch) Super Retina XDR Display48MP + 12MP + 12MP | 12MP Front CameraA16 Bionic Chip, 6 Core Processor Processor1 Year Warranty for Phone and 6 Months Warranty for In-Box Accessories",https://rukminim1.flixcart.com/image/312/312/xif0q/mobile/i/h/c/-original-imaghxemmqyahnuj.jpeg?q=70
126,"APPLE iPhone 13 Pro Max (Graphite, 256 GB)","₹1,39,900",256 GB ROM17.02 cm (6.7 inch) Super Retina XDR Display12MP + 12MP + 12MP | 12MP Front CameraA15 Bionic Chip ProcessorBrand Warranty for 1 Year,https://rukminim1.flixcart.com/image/312/312/ktketu80/mobile/3/e/o/iphone-13-pro-max-mll63hn-a-apple-original-imag6vpgwfgxdsj6.jpeg?q=70
127,"APPLE iPhone 11 Pro Max (Midnight Green, 64 GB)","₹95,699",64 GB ROM16.51 cm (6.5 inch) Super Retina XDR Display12MP + 12MP + 12MP | 12MP Front CameraA13 Bionic Chip ProcessorBrand Warranty for 1 Year,https://rukminim1.flixcart.com/image/312/312/k2jbyq80pkrrdj/mobile-refurbished/z/a/f/iphone-11-pro-max-256-u-mwhm2hn-a-apple-0-original-imafkg2ftc5cze5n.jpeg?q=70
128,"APPLE iPhone 8 (Space Grey, 256 GB)","₹77,000","256 GB ROM11.94 cm (4.7 inch) Retina HD Display12MP Rear Camera | 7MP Front CameraA11 Bionic Chip with 64-bit Architecture, Neural Engine, Embedded M11 Motion Coprocessor ProcessorBrand Warranty of 1 Year",https://rukminim1.flixcart.com/image/312/312/j7ksia80/mobile/z/2/s/apple-iphone-8-mq6k2hn-a-original-imaexsbztghyprcg.jpeg?q=70
129,"APPLE iPhone 14 Pro Max (Silver, 1 TB)","₹1,77,999","1 TB ROM17.02 cm (6.7 inch) Super Retina XDR Display48MP + 12MP + 12MP | 12MP Front CameraA16 Bionic Chip, 6 Core Processor Processor1 Year Warranty for Phone and 6 Months Warranty for In-Box Accessories",https://rukminim1.flixcart.com/image/312/312/xif0q/mobile/k/s/t/-original-imaghxengzjc2djt.jpeg?q=70
130,"APPLE iPhone 13 Pro Max (Alpine Green, 256 GB)","₹1,39,900",256 GB ROM17.02 cm (6.7 inch) Super Retina XDR Display12MP + 12MP + 12MP | 12MP Front CameraA15 Bionic Chip ProcessorBrand Warranty for 1 Year,https://rukminim1.flixcart.com/image/312/312/l0igvww0/mobile/2/g/r/-original-imagca5kqvhuscnv.jpeg?q=70
131,"APPLE iPhone 6 (Silver, 16 GB)","₹51,999",16 GB ROM11.94 cm (4.7 inch) Retina HD Display8MP Rear Camera | 1.2MP Front CameraApple A8 64-bit processor and M8 Motion Co-processor1 Year Manufacturer Warranty,https://rukminim1.flixcart.com/image/312/312/mobile/h/k/n/apple-iphone-6-original-imaeyny5agaysfqg.jpeg?q=70
132,"APPLE iPhone 13 Pro (Gold, 1 TB)","₹1,44,999",1 TB ROM15.49 cm (6.1 inch) Super Retina XDR Display12MP + 12MP + 12MP | 12MP Front CameraA15 Bionic Chip ProcessorBrand Warranty for 1 Year,https://rukminim1.flixcart.com/image/312/312/ktketu80/mobile/z/h/v/iphone-13-pro-mlvq3hn-a-apple-original-imag6vpc6mx3zwhz.jpeg?q=70
133,"APPLE iPhone 13 Pro Max (Alpine Green, 128 GB)","₹1,29,900",128 GB ROM17.02 cm (6.7 inch) Super Retina XDR Display12MP + 12MP + 12MP | 12MP Front CameraA15 Bionic Chip ProcessorBrand Warranty for 1 Year,https://rukminim1.flixcart.com/image/312/312/l0igvww0/mobile/2/g/r/-original-imagca5kqvhuscnv.jpeg?q=70
134,"APPLE iPhone 6s (Silver, 32 GB)","₹25,399",32 GB ROM11.94 cm (4.7 inch) Retina HD Display12MP Rear Camera | 5MP Front CameraApple A9 64-bit processor and M9 Motion Co-processorBrand Warranty of 1 Year,https://rukminim1.flixcart.com/image/312/312/j7qi9ow0/mobile/h/f/t/apple-iphone-6s-mn0x2hn-a-original-imaexw7fpbbfwwtw.jpeg?q=70
135,"Apple iPhone SE (Black, 64 GB) (Includes EarPods, Power Adapter)","₹28,990","64 GB ROM11.94 cm (4.7 inch) Retina HD Display12MP Rear Camera | 7MP Front CameraA13 Bionic Chip with 3rd Gen Neural Engine ProcessorWater and Dust Resistant (1 meter for Upto 30 minutes, IP67)Fast Charge CapableWireless charging (Works with Qi Chargers | Qi Chargers are Sold SeparatelyBrand Warranty for 1 Year",https://rukminim1.flixcart.com/image/312/312/k9loccw0/mobile/p/z/q/apple-iphone-se-mxd02hn-a-original-imafrcpjyscxm8fv.jpeg?q=70
136,"APPLE iPhone 13 Pro (Alpine Green, 128 GB)","₹1,19,900",128 GB ROM15.49 cm (6.1 inch) Super Retina XDR Display12MP + 12MP + 12MP | 12MP Front CameraA15 Bionic Chip ProcessorBrand Warranty for 1 Year,https://rukminim1.flixcart.com/image/312/312/l0igvww0/mobile/c/j/j/-original-imagca5hhzsgpycf.jpeg?q=70
137,"APPLE iPhone 8 (Gold, 256 GB)","₹77,000","256 GB ROM11.94 cm (4.7 inch) Retina HD Display12MP Rear Camera | 7MP Front CameraA11 Bionic Chip with 64-bit Architecture, Neural Engine, Embedded M11 Motion Coprocessor ProcessorBrand Warranty of 1 Year",https://rukminim1.flixcart.com/image/312/312/j7ksia80/mobile/2/r/q/apple-iphone-8-mq6m2hn-a-original-imaexsbzyvydzgzw.jpeg?q=70
138,"APPLE iPhone 6s Plus (Gold, 32 GB)","₹33,299",32 GB ROM13.97 cm (5.5 inch) Retina HD Display12MP Rear Camera | 5MP Front CameraApple A9 64-bit processor and Embedded M9 Motion Co-processorBrand Warranty of 1 Year,https://rukminim1.flixcart.com/image/312/312/j7qi9ow0/mobile/r/n/z/apple-iphone-6s-plus-mn2x2hn-a-original-imaexvxu2uuqrgpe.jpeg?q=70
139,"APPLE iPhone 13 Pro Max (Silver, 512 GB)","₹1,34,999",512 GB ROM17.02 cm (6.7 inch) Super Retina XDR Display12MP + 12MP + 12MP | 12MP Front CameraA15 Bionic Chip ProcessorBrand Warranty for 1 Year,https://rukminim1.flixcart.com/image/312/312/ktketu80/mobile/c/g/4/iphone-13-pro-max-mlll3hn-a-apple-original-imag6vpg3r7dyvhm.jpeg?q=70
140,"APPLE iPhone 11 Pro (Midnight Green, 64 GB)","₹87,099",64 GB ROM14.73 cm (5.8 inch) Super Retina XDR Display12MP + 12MP + 12MP | 12MP Front CameraA13 Bionic Chip ProcessorBrand Warranty for 1 Year,https://rukminim1.flixcart.com/image/312/312/k2jbyq80pkrrdj/mobile-refurbished/z/a/f/iphone-11-pro-max-256-u-mwhm2hn-a-apple-0-original-imafkg2ftc5cze5n.jpeg?q=70
141,"APPLE iPhone 13 Pro Max (Silver, 256 GB)","₹1,39,900",256 GB ROM17.02 cm (6.7 inch) Super Retina XDR Display12MP + 12MP + 12MP | 12MP Front CameraA15 Bionic Chip ProcessorBrand Warranty for 1 Year,https://rukminim1.flixcart.com/image/312/312/ktketu80/mobile/c/g/4/iphone-13-pro-max-mlll3hn-a-apple-original-imag6vpg3r7dyvhm.jpeg?q=70
142,"APPLE iPhone 12 mini (Black, 256 GB)","₹56,999","256 GB ROM13.72 cm (5.4 inch) Super Retina XDR Display12MP + 12MP | 12MP Front CameraA14 Bionic Chip with Next Generation Neural Engine ProcessorCeramic ShieldIndustry-leading IP68 Water ResistanceAll Screen OLED Display12MP TrueDepth Front Camera with Night Mode, 4K Dolby Vision HDR RecordingBrand Warranty for 1 Year",https://rukminim1.flixcart.com/image/312/312/kg8avm80/mobile/n/p/d/apple-iphone-12-mini-dummyapplefsn-original-imafwgbfwkfrerak.jpeg?q=70
143,"APPLE iPhone 6 (Gold, 32 GB)","₹30,780",32 GB ROM11.94 cm (4.7 inch) Retina HD Display8MP Rear Camera | 1.2MP Front CameraA8 Chip with 64-bit Architecture and M8 Motion Co-processorBrand Warranty of 1 Year,https://rukminim1.flixcart.com/image/312/312/j6mhxu80/mobile/7/n/z/apple-iphone-6-mq3e2hn-a-original-imaexfzbdzgctzrv.jpeg?q=70
144,"APPLE iPhone 13 Pro (Silver, 1 TB)","₹1,44,999",1 TB ROM15.49 cm (6.1 inch) Super Retina XDR Display12MP + 12MP + 12MP | 12MP Front CameraA15 Bionic Chip ProcessorBrand Warranty for 1 Year,https://rukminim1.flixcart.com/image/312/312/ktketu80/mobile/a/e/g/iphone-13-pro-mlvw3hn-a-apple-original-imag6vpcvspnzyfy.jpeg?q=70
145,"APPLE iPhone 12 mini (Black, 64 GB)","₹50,999","64 GB ROM13.72 cm (5.4 inch) Super Retina XDR Display12MP + 12MP | 12MP Front CameraA14 Bionic Chip with Next Generation Neural Engine ProcessorCeramic ShieldIndustry-leading IP68 Water ResistanceAll Screen OLED Display12MP TrueDepth Front Camera with Night Mode, 4K Dolby Vision HDR RecordingBrand Warranty for 1 Year",https://rukminim1.flixcart.com/image/312/312/kg8avm80/mobile/n/p/d/apple-iphone-12-mini-dummyapplefsn-original-imafwgbfwkfrerak.jpeg?q=70
146,"APPLE iPhone 6 (Space Grey, 16 GB)","₹51,999",16 GB ROM11.94 cm (4.7 inch) Retina HD Display8MP Rear Camera | 1.2MP Front CameraApple A8 64-bit processor and M8 Motion Co-processor1 Year Manufacturer Warranty,https://rukminim1.flixcart.com/image/312/312/mobile/f/2/j/apple-iphone-6-original-imaeymdqs5gm5xkz.jpeg?q=70
147,"Apple iPhone XR ((PRODUCT)RED, 64 GB) (Includes EarPods, Power Adapter)","₹36,999",64 GB ROM15.49 cm (6.1 inch) Display12MP Rear Camera | 7MP Front CameraA12 Bionic Chip ProcessoriOS 13 CompatibleBrand Warranty of 1 Year,https://rukminim1.flixcart.com/image/312/312/jnj7iq80/mobile/3/f/a/apple-iphone-xr-mry62hn-a-original-imafa6zkhyceh8dg.jpeg?q=70
148,"APPLE iPhone 7 (Jet Black, 128 GB)","₹34,900",128 GB ROM11.94 cm (4.7 inch) Retina HD Display12MP Rear Camera | 7MP Front CameraApple A10 Fusion 64-bit processor and Embedded M10 Motion Co-processorBrand Warranty of 1 Year,https://rukminim1.flixcart.com/image/312/312/mobile/m/t/8/apple-iphone-7-na-original-imaemzfjmrwpksbu.jpeg?q=70
149,"APPLE iPhone 13 Pro Max (Gold, 1 TB)","₹1,55,999",1 TB ROM17.02 cm (6.7 inch) Super Retina XDR Display12MP + 12MP + 12MP | 12MP Front CameraA15 Bionic Chip ProcessorBrand Warranty for 1 Year,https://rukminim1.flixcart.com/image/312/312/ktketu80/mobile/6/v/c/iphone-13-pro-max-mllh3hn-a-apple-original-imag6vpgpycue85h.jpeg?q=70
150,"APPLE iPhone 11 Pro (Silver, 256 GB)","₹1,00,699",256 GB ROM14.73 cm (5.8 inch) Super Retina XDR Display12MP + 12MP + 12MP | 12MP Front CameraA13 Bionic Chip ProcessorBrand Warranty for 1 Year,https://rukminim1.flixcart.com/image/312/312/k2jbyq80pkrrdj/mobile-refurbished/k/6/h/iphone-11-pro-max-64-b-mwhf2hn-a-apple-0-original-imafkg2ftqfvr9sf.jpeg?q=70
151,"APPLE iPhone 5s (Space Grey, 16 GB)","₹25,000",16 GB ROM10.16 cm (4 inch) Retina Display8MP Rear Camera | 1.2MP Front CameraApple A7 64-bit processor and M7 Motion Co-processor1 Year Manufacturer Warranty,https://rukminim1.flixcart.com/image/312/312/mobile/z/h/f/apple-iphone-5s-original-imadpppc54zfpj9c.jpeg?q=70
152,"APPLE iPhone 14 Pro Max (Deep Purple, 1 TB)","₹1,77,999","1 TB ROM17.02 cm (6.7 inch) Super Retina XDR Display48MP + 12MP + 12MP | 12MP Front CameraA16 Bionic Chip, 6 Core Processor Processor1 Year Warranty for Phone and 6 Months Warranty for In-Box Accessories",https://rukminim1.flixcart.com/image/312/312/xif0q/mobile/6/x/j/-original-imaghxejqvpwfqh2.jpeg?q=70
153,"APPLE iPhone SE (Black, 128 GB)","₹32,990","128 GB ROM11.94 cm (4.7 inch) Retina HD Display12MP Rear Camera | 7MP Front CameraA13 Bionic Chip with 3rd Gen Neural Engine ProcessorWater and Dust Resistant (1 meter for Upto 30 minutes, IP67)Fast Charge CapableWireless charging (Works with Qi Chargers | Qi Chargers are Sold SeparatelyBrand Warranty of 1 Year",https://rukminim1.flixcart.com/image/312/312/k9loccw0/mobile/p/z/q/apple-iphone-se-mxd02hn-a-original-imafrcpjyscxm8fv.jpeg?q=70
154,"APPLE iPhone 8 (Silver, 256 GB)","₹77,000","256 GB ROM11.94 cm (4.7 inch) Retina HD Display12MP Rear Camera | 7MP Front CameraA11 Bionic Chip with 64-bit Architecture, Neural Engine, Embedded M11 Motion Coprocessor ProcessorBrand Warranty of 1 Year",https://rukminim1.flixcart.com/image/312/312/j7ksia80/mobile/m/y/d/apple-iphone-8-mq6l2hn-a-original-imaexsbz8fggz59j.jpeg?q=70
155,"APPLE iPhone 13 Pro (Sierra Blue, 1 TB)","₹1,44,999",1 TB ROM15.49 cm (6.1 inch) Super Retina XDR Display12MP + 12MP + 12MP | 12MP Front CameraA15 Bionic Chip ProcessorBrand Warranty for 1 Year,https://rukminim1.flixcart.com/image/312/312/ktketu80/mobile/e/l/i/iphone-13-pro-mlw03hn-a-apple-original-imag6vpb2kj4dcp5.jpeg?q=70
156,"APPLE iPhone 7 (Black, 32 GB)","₹25,099",32 GB ROM11.94 cm (4.7 inch) Retina HD Display12MP Rear Camera | 7MP Front CameraApple A10 Fusion 64-bit processor and Embedded M10 Motion Co-processoriOS 13 CompatibleBrand Warranty of 1 Year,https://rukminim1.flixcart.com/image/312/312/k12go7k0/mobile/7/e/e/apple-iphone-7-mn8x2hn-a-original-imafkqcqhzxuvcpd.jpeg?q=70
157,"APPLE iPhone XS Max (Space Grey, 256 GB)","₹1,24,899",256 GB ROM16.51 cm (6.5 inch) Super Retina HD Display12MP + 12MP | 7MP Front CameraA12 Bionic Chip ProcessoriOS 13 Compatible1 Year Limited Warranty for Products and Accessories,https://rukminim1.flixcart.com/image/312/312/jm9hfgw0/mobile/f/t/a/apple-iphone-xs-max-mt532hn-a-original-imaf97f6y3spd7yz.jpeg?q=70
158,"APPLE iPhone XS (Space Grey, 512 GB)","₹1,34,899",512 GB ROM14.73 cm (5.8 inch) Super Retina HD Display12MP + 12MP | 7MP Front CameraA12 Bionic Chip Processor1 Year Limited Warranty for Products and Accessories,https://rukminim1.flixcart.com/image/312/312/jm9hfgw0/mobile/y/4/u/apple-iphone-xs-mt9l2hn-a-original-imaf97f65bqbdycy.jpeg?q=70
159,"APPLE iPhone 8 Plus (Space Grey, 256 GB)","₹84,900","256 GB ROM13.97 cm (5.5 inch) Retina HD Display12MP + 12MP | 7MP Front CameraA11 Bionic Chip with 64-bit Architecture, Neural Engine, Embedded M11 Motion Coprocessor ProcessorBrand Warranty of 1 Year",https://rukminim1.flixcart.com/image/312/312/j7ksia80/mobile/t/4/f/apple-iphone-8-plus-mq8g2hn-a-original-imaexsfhxepbngdq.jpeg?q=70
160,"APPLE iPhone 12 Pro (Gold, 128 GB)","₹78,899","128 GB ROM15.49 cm (6.1 inch) Super Retina XDR Display12MP + 12MP + 12MP | 12MP Front CameraA14 Bionic Chip with Next Generation Neural Engine ProcessorCeramic Shield | Industry-leading IP68 Water ResistanceAll Screen OLED DisplayLiDAR Scanner for Improved AR Experiences, Night Mode PortraitsBrand Warranty for 1 Year",https://rukminim1.flixcart.com/image/312/312/kg8avm80/mobile/s/9/w/apple-iphone-12-pro-dummyapplefsn-original-imafwgbrnpyygbv9.jpeg?q=70
161,"APPLE iPhone SE (White, 256 GB)","₹40,990","256 GB ROM11.94 cm (4.7 inch) Retina HD Display12MP Rear Camera | 7MP Front CameraA13 Bionic Chip with 3rd Gen Neural Engine ProcessorWater and Dust Resistant (1 meter for Upto 30 minutes, IP67)Fast Charge CapableWireless charging (Works with Qi Chargers | Qi Chargers are Sold SeparatelyBrand Warranty of 1 Year",https://rukminim1.flixcart.com/image/312/312/k9loccw0/mobile/6/b/z/apple-iphone-se-mxd12hn-a-original-imafrcqf9nze6evk.jpeg?q=70
162,"APPLE iPhone SE 3rd Gen (Starlight, 256 GB)","₹46,599","256 GB ROM11.94 cm (4.7 inch) Retina HD Display12MP Rear Camera | 7MP Front CameraA15 Bionic Chip, 6 Core Processor ProcessorBrand Warranty of 1 Year",https://rukminim1.flixcart.com/image/312/312/l0igvww0/mobile/l/h/4/-original-imagca67uzxhrkgd.jpeg?q=70
163,"APPLE iPhone 8 (Gold, 64 GB)","₹39,149","64 GB ROM11.94 cm (4.7 inch) Retina HD Display12MP Rear Camera | 7MP Front CameraA11 Bionic Chip with 64-bit Architecture, Neural Engine, Embedded M11 Motion Coprocessor ProcessoriOS 13 CompatibleBrand Warranty of 1 Year",https://rukminim1.flixcart.com/image/312/312/j7ksia80/mobile/2/r/q/apple-iphone-8-mq6m2hn-a-original-imaexsbzyvydzgzw.jpeg?q=70
164,"APPLE iPhone 14 Pro (Deep Purple, 1 TB)","₹1,69,999","1 TB ROM15.49 cm (6.1 inch) Super Retina XDR Display48MP + 12MP + 12MP | 12MP Front CameraA16 Bionic Chip, 6 Core Processor Processor1 Year Warranty for Phone and 6 Months Warranty for In-Box Accessories",https://rukminim1.flixcart.com/image/312/312/xif0q/mobile/l/8/r/-original-imaghxemnnnkd8bg.jpeg?q=70
165,"APPLE iPhone 5s (Silver, 16 GB)","₹25,000",16 GB ROM10.16 cm (4 inch) Retina Display8MP Rear Camera | 1.2MP Front CameraApple A7 64-bit processor and M7 Motion Co-processor1 Year Manufacturer Warranty,https://rukminim1.flixcart.com/image/312/312/mobile/5/8/2/apple-iphone-5s-a1530-original-imaehzzwzbcgg3sg.jpeg?q=70
166,"APPLE iPhone 8 Plus (Silver, 64 GB)","₹49,900","64 GB ROM13.97 cm (5.5 inch) Retina HD Display12MP + 12MP | 7MP Front CameraA11 Bionic Chip with 64-bit Architecture, Neural Engine, Embedded M11 Motion Coprocessor ProcessorBrand Warranty of 1 Year",https://rukminim1.flixcart.com/image/312/312/j7ksia80/mobile/x/w/z/apple-iphone-8-plus-mq8h2hn-a-original-imaexsfhxjxbupzx.jpeg?q=70
167,"APPLE iPhone 8 Plus (Silver, 256 GB)","₹84,900","256 GB ROM13.97 cm (5.5 inch) Retina HD Display12MP + 12MP | 7MP Front CameraA11 Bionic Chip with 64-bit Architecture, Neural Engine, Embedded M11 Motion Coprocessor ProcessorBrand Warranty of 1 Year",https://rukminim1.flixcart.com/image/312/312/j7ksia80/mobile/x/w/z/apple-iphone-8-plus-mq8h2hn-a-original-imaexsfhxjxbupzx.jpeg?q=70
168,"APPLE iPhone 14 Pro Max (Silver, 256 GB)","₹1,37,999","256 GB ROM17.02 cm (6.7 inch) Super Retina XDR Display48MP + 12MP + 12MP | 12MP Front CameraA16 Bionic Chip, 6 Core Processor Processor1 Year Warranty for Phone and 6 Months Warranty for In-Box Accessories",https://rukminim1.flixcart.com/image/312/312/xif0q/mobile/k/s/t/-original-imaghxengzjc2djt.jpeg?q=70
169,"APPLE iPhone 13 Pro (Alpine Green, 512 GB)","₹1,25,999",512 GB ROM15.49 cm (6.1 inch) Super Retina XDR Display12MP + 12MP + 12MP | 12MP Front CameraA15 Bionic Chip ProcessorBrand Warranty for 1 Year,https://rukminim1.flixcart.com/image/312/312/l0igvww0/mobile/c/j/j/-original-imagca5hhzsgpycf.jpeg?q=70
170,"APPLE iPhone XS Max (Gold, 512 GB)","₹1,44,900",512 GB ROM16.51 cm (6.5 inch) Super Retina HD Display12MP + 12MP | 7MP Front CameraA12 Bionic Chip Processor1 Year Limited Warranty for Products and Accessories,https://rukminim1.flixcart.com/image/312/312/jm9hfgw0/mobile/e/8/s/apple-iphone-xs-max-mt522hn-a-original-imaf97f6hmng8ufu.jpeg?q=70
171,"APPLE iPhone 6s (Rose Gold, 16 GB)","₹31,999",16 GB ROM11.94 cm (4.7 inch) Retina HD Display12MP Rear Camera | 5MP Front CameraA9 Chip with 64-bit Architecture and M9 Motion Co-processorBrand Warranty of 1 Year,https://rukminim1.flixcart.com/image/312/312/mobile/f/c/g/apple-iphone-6s-na-original-imaeby6rmzxdpvbj.jpeg?q=70
172,"Apple iPhone XR (Coral, 64 GB) (Includes EarPods, Power Adapter)","₹36,999",64 GB ROM15.49 cm (6.1 inch) Display12MP Rear Camera | 7MP Front CameraA12 Bionic Chip ProcessoriOS 13 CompatibleBrand Warranty of 1 Year,https://rukminim1.flixcart.com/image/312/312/jnj7iq80/mobile/u/a/p/apple-iphone-xr-mryg2hn-a-original-imafa6zkzyntrt3t.jpeg?q=70
173,"APPLE iPhone 11 (Green, 64 GB)","₹41,999",64 GB ROM15.49 cm (6.1 inch) Liquid Retina HD Display12MP + 12MP | 12MP Front CameraA13 Bionic Chip ProcessorBrand Warranty of 1 Year,https://rukminim1.flixcart.com/image/312/312/k2jbyq80pkrrdj/mobile-refurbished/u/z/t/iphone-11-256-c-mwmd2hn-a-apple-0-original-imafkg24wszdhzy3.jpeg?q=70
174,"APPLE iPhone 12 (Green, 256 GB)","₹66,999","256 GB ROM15.49 cm (6.1 inch) Super Retina XDR Display12MP + 12MP | 12MP Front CameraA14 Bionic Chip with Next Generation Neural Engine ProcessorCeramic ShieldIndustry-leading IP68 Water ResistanceAll Screen OLED Display12MP TrueDepth Front Camera with Night Mode, 4K Dolby Vision HDR RecordingBrand Warranty for 1 Year",https://rukminim1.flixcart.com/image/312/312/kg8avm80/mobile/p/f/w/apple-iphone-12-dummyapplefsn-original-imafwg8dubf3nytw.jpeg?q=70
175,"APPLE iPhone 6 Plus (Space Grey, 16 GB)","₹39,999",16 GB ROM13.97 cm (5.5 inch) Retina HD Display8MP Rear Camera | 1.2MP Front CameraApple A8 64-bit processor and M8 Motion Co-processor1 Year Manufacturer Warranty,https://rukminim1.flixcart.com/image/312/312/mobile/h/z/d/apple-iphone-6-plus-original-imaeymdqfzw2zzhw.jpeg?q=70
176,"APPLE iPhone 13 Pro (Graphite, 512 GB)","₹1,25,999",512 GB ROM15.49 cm (6.1 inch) Super Retina XDR Display12MP + 12MP + 12MP | 12MP Front CameraA15 Bionic Chip ProcessorBrand Warranty for 1 Year,https://rukminim1.flixcart.com/image/312/312/ktketu80/mobile/m/t/r/iphone-13-pro-mlvv3hn-a-apple-original-imag6vpb7zg6bnvb.jpeg?q=70
177,"Apple iPhone SE (White, 256 GB) (Includes EarPods, Power Adapter)","₹40,990","256 GB ROM11.94 cm (4.7 inch) Retina HD Display12MP Rear Camera | 7MP Front CameraA13 Bionic Chip with 3rd Gen Neural Engine ProcessorWater and Dust Resistant (1 meter for Upto 30 minutes, IP67)Fast Charge CapableWireless charging (Works with Qi Chargers | Qi Chargers are Sold SeparatelyBrand Warranty for 1 Year",https://rukminim1.flixcart.com/image/312/312/k9loccw0/mobile/6/b/z/apple-iphone-se-mxd12hn-a-original-imafrcqf9nze6evk.jpeg?q=70
178,"Apple iPhone XR (Black, 64 GB) (Includes EarPods, Power Adapter)","₹36,999",64 GB ROM15.5 cm (6.102 inch) Display12MP Rear Camera | 7MP Front CameraA12 Bionic Chip ProcessoriOS 13 CompatibleBrand Warranty of 1 Year,https://rukminim1.flixcart.com/image/312/312/jnj7iq80/mobile/u/b/g/apple-iphone-xr-mryj2hn-a-original-imafa6zkm7qhv2zd.jpeg?q=70
179,"APPLE iPhone 7 (Rose Gold, 128 GB)","₹34,900",128 GB ROM11.94 cm (4.7 inch) Retina HD Display12MP Rear Camera | 7MP Front CameraA10 Fusion Chip with 64-bit Architecture and Embedded M10 Motion Co-processorBrand Warranty of 1 Year,https://rukminim1.flixcart.com/image/312/312/k12go7k0/mobile/e/y/z/apple-iphone-7-mn952hn-a-original-imafkqe8ptsnpd6m.jpeg?q=70
180,"APPLE iPhone 14 (Yellow, 256 GB)","₹81,999","256 GB ROM15.49 cm (6.1 inch) Super Retina XDR Display12MP + 12MP | 12MP Front CameraA15 Bionic Chip, 6 Core Processor Processor1 Year Warranty for Phone and 6 Months Warranty for In-Box Accessories",https://rukminim1.flixcart.com/image/312/312/xif0q/mobile/e/l/d/-original-imagnhusa2upmgeq.jpeg?q=70
181,"Apple iPhone SE (Black, 256 GB) (Includes EarPods, Power Adapter)","₹40,990","256 GB ROM11.94 cm (4.7 inch) Retina HD Display12MP Rear Camera | 7MP Front CameraA13 Bionic Chip with 3rd Gen Neural Engine ProcessorWater and Dust Resistant (1 meter for Upto 30 minutes, IP67)Fast Charge CapableWireless charging (Works with Qi Chargers | Qi Chargers are Sold SeparatelyBrand Warranty for 1 Year",https://rukminim1.flixcart.com/image/312/312/k9loccw0/mobile/p/z/q/apple-iphone-se-mxd02hn-a-original-imafrcpjyscxm8fv.jpeg?q=70
182,"APPLE IPhone 4 (Black, 8 GB)","₹22,900",8 GB ROM8.89 cm (3.5 inch) NA Display5MP Rear Camera | 0.3MP Front Camera1 Year Manufacturer Warranty,https://rukminim1.flixcart.com/image/312/312/mobile/h/e/n/apple-iphone-4-original-imadknfx36wrgvug.jpeg?q=70
183,"APPLE iPhone 13 mini ((PRODUCT)RED, 256 GB)","₹71,999",256 GB ROM13.72 cm (5.4 inch) Super Retina XDR Display12MP + 12MP | 12MP Front CameraA15 Bionic Chip ProcessorBrand Warranty for 1 Year,https://rukminim1.flixcart.com/image/312/312/ktketu80/mobile/i/q/p/iphone-13-mini-mlke3hn-a-apple-original-imag6vp6abdxzuh8.jpeg?q=70
184,"APPLE iPhone SE (Black, 64 GB)","₹28,990","64 GB ROM11.94 cm (4.7 inch) Retina HD Display12MP Rear Camera | 7MP Front CameraA13 Bionic Chip with 3rd Gen Neural Engine ProcessorWater and Dust Resistant (1 meter for Upto 30 minutes, IP67)Fast Charge CapableWireless charging (Works with Qi Chargers | Qi Chargers are Sold SeparatelyBrand Warranty of 1 Year",https://rukminim1.flixcart.com/image/312/312/k9loccw0/mobile/p/z/q/apple-iphone-se-mxd02hn-a-original-imafrcpjyscxm8fv.jpeg?q=70
185,"APPLE iPhone 12 mini (Red, 256 GB)","₹56,999","256 GB ROM13.72 cm (5.4 inch) Super Retina XDR Display12MP + 12MP | 12MP Front CameraA14 Bionic Chip with Next Generation Neural Engine ProcessorCeramic ShieldIndustry-leading IP68 Water ResistanceAll Screen OLED Display12MP TrueDepth Front Camera with Night Mode, 4K Dolby Vision HDR RecordingBrand Warranty for 1 Year",https://rukminim1.flixcart.com/image/312/312/kg8avm80/mobile/n/2/u/apple-iphone-12-mini-dummyapplefsn-original-imafwgbfxuhswfgj.jpeg?q=70
186,"APPLE iPhone 13 mini (Green, 256 GB)","₹71,999",256 GB ROM13.72 cm (5.4 inch) Super Retina XDR Display12MP + 12MP | 12MP Front CameraA15 Bionic Chip ProcessorBrand Warranty for 1 Year,https://rukminim1.flixcart.com/image/312/312/l0igvww0/mobile/y/j/1/-original-imagca5ge9yrbrzq.jpeg?q=70
187,"Apple iPhone XR ((PRODUCT)RED, 256 GB) (Includes EarPods, Power Adapter)","₹91,900",256 GB ROM15.49 cm (6.1 inch) Display12MP Rear Camera | 7MP Front CameraA12 Bionic Chip ProcessorBrand Warranty of 1 Year,https://rukminim1.flixcart.com/image/312/312/jnj7iq80/mobile/3/f/a/apple-iphone-xr-mry62hn-a-original-imafa6zkhyceh8dg.jpeg?q=70
188,"Apple iPhone XR (White, 64 GB) (Includes EarPods, Power Adapter)","₹36,999",64 GB ROM15.49 cm (6.1 inch) Display12MP Rear Camera | 7MP Front CameraA12 Bionic Chip ProcessoriOS 13 CompatibleBrand Warranty of 1 Year,https://rukminim1.flixcart.com/image/312/312/jnj7iq80/mobile/y/q/d/apple-iphone-xr-mry52hn-a-original-imafa6zkfgwpnsgz.jpeg?q=70
189,"APPLE iPhone 12 (Purple, 256 GB)","₹66,999","256 GB ROM15.49 cm (6.1 inch) Super Retina XDR Display12MP + 12MP | 12MP Front CameraA14 Bionic Chip with Next Generation Neural Engine ProcessorCeramic ShieldIndustry-leading IP68 Water ResistanceAll Screen OLED Display12MP TrueDepth Front Camera with Night Mode, 4K Dolby Vision HDR RecordingBrand Warranty for 1 Year",https://rukminim1.flixcart.com/image/312/312/ko0d6kw0/mobile/6/h/y/iphone-12-mjnm3hn-a-apple-original-imag2k2v6ehvnzfd.jpeg?q=70
190,"APPLE iPhone 13 Pro (Gold, 256 GB)","₹1,29,900",256 GB ROM15.49 cm (6.1 inch) Super Retina XDR Display12MP + 12MP + 12MP | 12MP Front CameraA15 Bionic Chip ProcessorBrand Warranty for 1 Year,https://rukminim1.flixcart.com/image/312/312/ktketu80/mobile/z/h/v/iphone-13-pro-mlvq3hn-a-apple-original-imag6vpc6mx3zwhz.jpeg?q=70
191,"APPLE iPhone 11 Pro (Space Grey, 256 GB)","₹1,00,699",256 GB ROM14.73 cm (5.8 inch) Super Retina XDR Display12MP + 12MP + 12MP | 12MP Front CameraA13 Bionic Chip ProcessorBrand Warranty for 1 Year,https://rukminim1.flixcart.com/image/312/312/k2jbyq80pkrrdj/mobile-refurbished/c/u/e/iphone-11-pro-512-u-mwcd2hn-a-apple-0-original-imafkg2fhzhzzh5s.jpeg?q=70
192,"APPLE iPhone 12 mini (Red, 256 GB)","₹56,999","256 GB ROM13.72 cm (5.4 inch) Super Retina XDR Display12MP + 12MP | 12MP Front CameraA14 Bionic Chip with Next Generation Neural Engine ProcessorCeramic ShieldIndustry-leading IP68 Water ResistanceAll Screen OLED Display12MP TrueDepth Front Camera with Night Mode, 4K Dolby Vision HDR RecordingBrand Warranty for 1 Year",https://rukminim1.flixcart.com/image/312/312/kg8avm80/mobile/n/2/u/apple-iphone-12-mini-dummyapplefsn-original-imafwgbfxuhswfgj.jpeg?q=70
193,"Apple iPhone XR ((PRODUCT)RED, 256 GB) (Includes EarPods, Power Adapter)","₹91,900",256 GB ROM15.49 cm (6.1 inch) Display12MP Rear Camera | 7MP Front CameraA12 Bionic Chip ProcessorBrand Warranty of 1 Year,https://rukminim1.flixcart.com/image/312/312/jnj7iq80/mobile/3/f/a/apple-iphone-xr-mry62hn-a-original-imafa6zkhyceh8dg.jpeg?q=70
194,"APPLE iPhone 13 mini (Green, 256 GB)","₹71,999",256 GB ROM13.72 cm (5.4 inch) Super Retina XDR Display12MP + 12MP | 12MP Front CameraA15 Bionic Chip ProcessorBrand Warranty for 1 Year,https://rukminim1.flixcart.com/image/312/312/l0igvww0/mobile/y/j/1/-original-imagca5ge9yrbrzq.jpeg?q=70
195,"APPLE iPhone 12 (Purple, 256 GB)","₹66,999","256 GB ROM15.49 cm (6.1 inch) Super Retina XDR Display12MP + 12MP | 12MP Front CameraA14 Bionic Chip with Next Generation Neural Engine ProcessorCeramic ShieldIndustry-leading IP68 Water ResistanceAll Screen OLED Display12MP TrueDepth Front Camera with Night Mode, 4K Dolby Vision HDR RecordingBrand Warranty for 1 Year",https://rukminim1.flixcart.com/image/312/312/ko0d6kw0/mobile/6/h/y/iphone-12-mjnm3hn-a-apple-original-imag2k2v6ehvnzfd.jpeg?q=70
196,"APPLE IPhone 4 (Black, 8 GB)","₹22,900",8 GB ROM8.89 cm (3.5 inch) NA Display5MP Rear Camera | 0.3MP Front Camera1 Year Manufacturer Warranty,https://rukminim1.flixcart.com/image/312/312/mobile/h/e/n/apple-iphone-4-original-imadknfx36wrgvug.jpeg?q=70
197,"APPLE iPhone 13 Pro (Gold, 256 GB)","₹1,29,900",256 GB ROM15.49 cm (6.1 inch) Super Retina XDR Display12MP + 12MP + 12MP | 12MP Front CameraA15 Bionic Chip ProcessorBrand Warranty for 1 Year,https://rukminim1.flixcart.com/image/312/312/ktketu80/mobile/z/h/v/iphone-13-pro-mlvq3hn-a-apple-original-imag6vpc6mx3zwhz.jpeg?q=70
198,"APPLE iPhone 14 Pro (Space Black, 256 GB)","₹1,29,999","256 GB ROM15.49 cm (6.1 inch) Super Retina XDR Display48MP + 12MP + 12MP | 12MP Front CameraA16 Bionic Chip, 6 Core Processor Processor1 Year Warranty for Phone and 6 Months Warranty for In-Box Accessories",https://rukminim1.flixcart.com/image/312/312/xif0q/mobile/y/l/p/-original-imaghxemc3wtcuhb.jpeg?q=70
199,"APPLE iPhone 12 (Black, 128 GB)","₹56,999","128 GB ROM15.49 cm (6.1 inch) Super Retina XDR Display12MP + 12MP | 12MP Front CameraA14 Bionic Chip with Next Generation Neural Engine ProcessorCeramic ShieldIndustry-leading IP68 Water ResistanceAll Screen OLED Display12MP TrueDepth Front Camera with Night Mode, 4K Dolby Vision HDR RecordingBrand Warranty for 1 Year",https://rukminim1.flixcart.com/image/312/312/kg8avm80/mobile/r/h/z/apple-iphone-12-dummyapplefsn-original-imafwg8duby8qbn4.jpeg?q=70
200,"APPLE iPhone 14 Plus (Yellow, 256 GB)","₹87,999","256 GB ROM17.02 cm (6.7 inch) Super Retina XDR Display12MP + 12MP | 12MP Front CameraA15 Bionic Chip, 6 Core Processor Processor1 Year Warranty for Phone and 6 Months Warranty for In-Box Accessories",https://rukminim1.flixcart.com/image/312/312/xif0q/mobile/0/h/8/-original-imagnhussytbyhpd.jpeg?q=70
201,"APPLE iPhone 12 mini (Green, 64 GB)","₹50,999","64 GB ROM13.72 cm (5.4 inch) Super Retina XDR Display12MP + 12MP | 12MP Front CameraA14 Bionic Chip with Next Generation Neural Engine ProcessorCeramic ShieldIndustry-leading IP68 Water ResistanceAll Screen OLED Display12MP TrueDepth Front Camera with Night Mode, 4K Dolby Vision HDR RecordingBrand Warranty for 1 Year",https://rukminim1.flixcart.com/image/312/312/kg8avm80/mobile/h/v/w/apple-iphone-12-mini-dummyapplefsn-original-imafwgb2zkjcwpre.jpeg?q=70
202,"APPLE iPhone 11 Pro (Gold, 64 GB)","₹87,099",64 GB ROM14.73 cm (5.8 inch) Super Retina XDR Display12MP + 12MP + 12MP | 12MP Front CameraA13 Bionic Chip ProcessorBrand Warranty for 1 Year,https://rukminim1.flixcart.com/image/312/312/k2jbyq80pkrrdj/mobile-refurbished/e/b/u/iphone-11-pro-max-64-a-mwhg2hn-a-apple-0-original-imafkg2fg3evmhuy.jpeg?q=70
203,"Apple iPhone XR (Coral, 256 GB) (Includes EarPods, Power Adapter)","₹91,900",256 GB ROM15.49 cm (6.1 inch) Display12MP Rear Camera | 7MP Front CameraA12 Bionic Chip ProcessorBrand Warranty of 1 Year,https://rukminim1.flixcart.com/image/312/312/jnj7iq80/mobile/u/a/p/apple-iphone-xr-mryg2hn-a-original-imafa6zkzyntrt3t.jpeg?q=70
204,"Apple iPhone XR (Black, 256 GB) (Includes EarPods, Power Adapter)","₹91,900",256 GB ROM15.49 cm (6.1 inch) Display12MP Rear Camera | 7MP Front CameraA12 Bionic Chip ProcessorBrand Warranty of 1 Year,https://rukminim1.flixcart.com/image/312/312/jnj7iq80/mobile/u/b/g/apple-iphone-xr-mryj2hn-a-original-imafa6zkm7qhv2zd.jpeg?q=70
205,"Apple iPhone XR (White, 64 GB) (Includes EarPods, Power Adapter)","₹36,999",64 GB ROM15.49 cm (6.1 inch) Display12MP Rear Camera | 7MP Front CameraA12 Bionic Chip ProcessoriOS 13 CompatibleBrand Warranty of 1 Year,https://rukminim1.flixcart.com/image/312/312/jnj7iq80/mobile/y/q/d/apple-iphone-xr-mry52hn-a-original-imafa6zkfgwpnsgz.jpeg?q=70
206,"APPLE iPhone 7 Plus (Jet Black, 32 GB)","₹37,249",32 GB ROM13.94 cm (5.488 inch) Retina HD Display12MP + 12MP | 7MP Front CameraApple A10 Fusion 64-bit processor and Embedded M10 Motion Co-processor1 Year Manufacturer Warranty,https://rukminim1.flixcart.com/image/312/312/j9338nk0/mobile/u/h/w/apple-iphone-7-plus-mqu72hn-a-original-imaeyyuytz4z9dmj.jpeg?q=70
207,"APPLE iPhone 12 mini (White, 128 GB)","₹55,999","128 GB ROM13.72 cm (5.4 inch) Super Retina XDR Display12MP + 12MP | 12MP Front CameraA14 Bionic Chip with Next Generation Neural Engine ProcessorCeramic ShieldIndustry-leading IP68 Water ResistanceAll Screen OLED Display12MP TrueDepth Front Camera with Night Mode, 4K Dolby Vision HDR RecordingBrand Warranty for 1 Year",https://rukminim1.flixcart.com/image/312/312/kg8avm80/mobile/d/g/b/apple-iphone-12-mini-dummyapplefsn-original-imafwgbfhx4cfzue.jpeg?q=70
208,"APPLE iPhone 6s (Gold, 32 GB)","₹25,399",32 GB ROM11.94 cm (4.7 inch) Retina HD Display12MP Rear Camera | 5MP Front CameraApple A9 64-bit processor and Embedded M9 Motion Co-processorBrand Warranty of 1 Year,https://rukminim1.flixcart.com/image/312/312/j7qi9ow0/mobile/y/x/g/apple-iphone-6s-mn112hn-a-original-imaexw6szu6xhzgr.jpeg?q=70
209,"Apple iPhone SE (Red, 128 GB) (Includes EarPods, Power Adapter)","₹32,990","128 GB ROM11.94 cm (4.7 inch) Retina HD Display12MP Rear Camera | 7MP Front CameraA13 Bionic Chip with 3rd Gen Neural Engine ProcessorWater and Dust Resistant (1 meter for Upto 30 minutes, IP67)Fast Charge CapableWireless charging (Works with Qi Chargers | Qi Chargers are Sold SeparatelyBrand Warranty for 1 Year",https://rukminim1.flixcart.com/image/312/312/k9loccw0/mobile/6/8/g/apple-iphone-se-mxvv2hn-a-original-imafrcqmfh4zznmq.jpeg?q=70
210,"APPLE iPhone 14 Plus (Yellow, 512 GB)","₹1,07,999","512 GB ROM17.02 cm (6.7 inch) Super Retina XDR Display12MP + 12MP | 12MP Front CameraA15 Bionic Chip, 6 Core Processor Processor1 Year Warranty for Phone and 6 Months Warranty for In-Box Accessories",https://rukminim1.flixcart.com/image/312/312/xif0q/mobile/0/h/8/-original-imagnhussytbyhpd.jpeg?q=70
211,"APPLE iPhone 11 Pro (Space Grey, 256 GB)","₹1,00,699",256 GB ROM14.73 cm (5.8 inch) Super Retina XDR Display12MP + 12MP + 12MP | 12MP Front CameraA13 Bionic Chip ProcessorBrand Warranty for 1 Year,https://rukminim1.flixcart.com/image/312/312/k2jbyq80pkrrdj/mobile-refurbished/c/u/e/iphone-11-pro-512-u-mwcd2hn-a-apple-0-original-imafkg2fhzhzzh5s.jpeg?q=70
212,"Apple iPhone XR (Blue, 256 GB) (Includes EarPods, Power Adapter)","₹91,900",256 GB ROM15.49 cm (6.1 inch) Display12MP Rear Camera | 7MP Front CameraA12 Bionic Chip ProcessorBrand Warranty of 1 Year,https://rukminim1.flixcart.com/image/312/312/jnj7iq80/mobile/r/k/h/apple-iphone-xr-mrya2hn-a-original-imafa6zkgrdrpuby.jpeg?q=70
213,"APPLE iPhone 6s (Rose Gold, 32 GB)","₹25,399",32 GB ROM11.94 cm (4.7 inch) Retina HD Display12MP Rear Camera | 5MP Front CameraApple A9 64-bit processor and M9 Motion Co-processorBrand Warranty of 1 Year,https://rukminim1.flixcart.com/image/312/312/j7qi9ow0/mobile/g/m/8/apple-iphone-6s-mn122hn-a-original-imaexwzqve7rd7cg.jpeg?q=70
214,"APPLE iPhone 6s Plus (Gold, 16 GB)","₹49,999",16 GB ROM13.97 cm (5.5 inch) Retina HD Display12MP Rear Camera | 5MP Front CameraA9 Chip with 64-bit Architecture and M9 Motion Co-processorBrand Warranty of 1 Year,https://rukminim1.flixcart.com/image/312/312/mobile/d/z/u/apple-iphone-6s-plus-na-original-imaebynhzvw7dmje.jpeg?q=70
215,"APPLE iPhone SE (Black, 256 GB)","₹40,990","256 GB ROM11.94 cm (4.7 inch) Retina HD Display12MP Rear Camera | 7MP Front CameraA13 Bionic Chip with 3rd Gen Neural Engine ProcessorWater and Dust Resistant (1 meter for Upto 30 minutes, IP67)Fast Charge CapableWireless charging (Works with Qi Chargers | Qi Chargers are Sold SeparatelyBrand Warranty of 1 Year",https://rukminim1.flixcart.com/image/312/312/k9loccw0/mobile/p/z/q/apple-iphone-se-mxd02hn-a-original-imafrcpjyscxm8fv.jpeg?q=70
